# time,x,y,yaw,truth_x,truth_y,truth_yaw
1.148000000000000043e+01,5.226000000000001477e-02,0.000000000000000000e+00,0.000000000000000000e+00,5.200000000000001843e-02,0.000000000000000000e+00,0.000000000000000000e+00
1.167999999999999972e+01,9.245999999999998664e-02,0.000000000000000000e+00,0.000000000000000000e+00,9.200000000000005396e-02,0.000000000000000000e+00,0.000000000000000000e+00
1.188000000000000078e+01,1.326599999999999446e-01,0.000000000000000000e+00,0.000000000000000000e+00,1.320000000000000895e-01,0.000000000000000000e+00,0.000000000000000000e+00
1.208000000000000007e+01,1.728599999999999026e-01,0.000000000000000000e+00,0.000000000000000000e+00,1.720000000000001250e-01,0.000000000000000000e+00,0.000000000000000000e+00
1.227999999999999936e+01,2.130599999999998606e-01,0.000000000000000000e+00,0.000000000000000000e+00,2.120000000000001605e-01,0.000000000000000000e+00,0.000000000000000000e+00
1.248000000000000043e+01,2.452599725798257080e-01,-1.571339577698476452e-04,-2.791999999999982864e-03,2.520000000000001683e-01,0.000000000000000000e+00,0.000000000000000000e+00
1.267999999999999972e+01,2.834594124325723330e-01,-3.367145164629427269e-04,-3.489999999999979230e-03,2.920000000000002038e-01,0.000000000000000000e+00,0.000000000000000000e+00
1.288000000000000078e+01,3.236591676128111050e-01,-4.770122316558375987e-04,-3.489999999999979230e-03,3.320000000000002394e-01,0.000000000000000000e+00,0.000000000000000000e+00
1.308000000000000007e+01,3.638589227930498216e-01,-6.173099468487270496e-04,-3.489999999999972291e-03,3.720000000000002749e-01,0.000000000000000000e+00,0.000000000000000000e+00
1.327999999999999936e+01,4.040586779732884826e-01,-7.576076620416219215e-04,-3.489999999999972291e-03,4.120000000000003104e-01,0.000000000000000000e+00,0.000000000000000000e+00
1.348000000000000043e+01,4.542584331535271525e-01,-8.979053772345123481e-04,-3.489999999999972291e-03,4.520000000000003459e-01,0.000000000000000000e+00,0.000000000000000000e+00
1.367999999999999972e+01,4.944581883337658690e-01,-1.038203092427407220e-03,-3.489999999999972291e-03,4.920000000000003815e-01,0.000000000000000000e+00,0.000000000000000000e+00
1.388000000000000078e+01,5.346579435140046410e-01,-1.178500807620298189e-03,-3.489999999999972291e-03,5.320000000000003615e-01,0.000000000000000000e+00,0.000000000000000000e+00
1.408000000000000007e+01,5.748576986942433020e-01,-1.318798522813191760e-03,-3.489999999999972291e-03,5.720000000000003970e-01,0.000000000000000000e+00,0.000000000000000000e+00
1.427999999999999936e+01,6.150574538744820741e-01,-1.459096238006086415e-03,-3.489999999999972291e-03,6.120000000000004325e-01,0.000000000000000000e+00,0.000000000000000000e+00
1.448000000000000043e+01,6.472570249441121915e-01,-1.756529045627848451e-03,-6.281999999999965563e-03,6.520000000000004681e-01,0.000000000000000000e+00,0.000000000000000000e+00
1.467999999999999972e+01,6.854552015398334142e-01,-2.076402083642499806e-03,-6.979999999999963664e-03,6.920000000000005036e-01,0.000000000000000000e+00,0.000000000000000000e+00
1.488000000000000078e+01,7.256542222637695216e-01,-2.356995805189823420e-03,-6.979999999999963664e-03,7.320000000000005391e-01,0.000000000000000000e+00,0.000000000000000000e+00
1.508000000000000007e+01,7.658532429877056291e-01,-2.637589526737130988e-03,-6.979999999999956725e-03,7.720000000000005747e-01,0.000000000000000000e+00,0.000000000000000000e+00
1.527999999999999936e+01,8.060522637116417366e-01,-2.918183248284454603e-03,-6.979999999999956725e-03,8.120000000000006102e-01,0.000000000000000000e+00,0.000000000000000000e+00
1.548000000000000043e+01,8.462512844355780661e-01,-3.198776969831766508e-03,-6.979999999999956725e-03,8.520000000000006457e-01,0.000000000000000000e+00,0.000000000000000000e+00
1.567999999999999972e+01,8.864503051595141736e-01,-3.479370691379090122e-03,-6.979999999999956725e-03,8.920000000000006812e-01,0.000000000000000000e+00,0.000000000000000000e+00
1.588000000000000078e+01,9.266493258834502811e-01,-3.759964412926402894e-03,-6.979999999999956725e-03,9.320000000000007168e-01,0.000000000000000000e+00,0.000000000000000000e+00
1.607999999999999829e+01,9.668483464063912791e-01,-4.040558133070755453e-03,-6.979999999999956725e-03,9.720000000000007523e-01,0.000000000000000000e+00,0.000000000000000000e+00
1.630000000000000071e+01,1.011067269403715496e+00,-4.349211228175776413e-03,-6.979999999999956725e-03,1.016000000000000680e+00,0.000000000000000000e+00,0.000000000000000000e+00
1.648000000000000043e+01,1.047246388055257604e+00,-4.601745577568353354e-03,-6.979999999999956725e-03,1.052000000000000712e+00,0.000000000000000000e+00,0.000000000000000000e+00
1.667999999999999972e+01,1.087445408779192491e+00,-4.882339299115667428e-03,-6.979999999999956725e-03,1.092000000000000748e+00,0.000000000000000000e+00,0.000000000000000000e+00
1.687999999999999901e+01,1.127644429302132156e+00,-5.162933019260013481e-03,-6.979999999999956725e-03,1.132000000000000783e+00,0.000000000000000000e+00,0.000000000000000000e+00
1.707999999999999829e+01,1.167843450026067265e+00,-5.443526740807319748e-03,-6.979999999999956725e-03,1.172000000000000819e+00,0.000000000000000000e+00,0.000000000000000000e+00
1.728000000000000114e+01,1.208042470950997593e+00,-5.724120463757605311e-03,-6.979999999999956725e-03,1.212000000000000854e+00,0.000000000000000000e+00,0.000000000000000000e+00
1.748000000000000043e+01,1.248243540309618815e+00,-5.847588648684742124e-03,-4.187999999999962586e-03,1.252000000000000890e+00,0.000000000000000000e+00,0.000000000000000000e+00
1.767999999999999972e+01,1.288442275093994116e+00,-5.948597491601601353e-03,-3.489999999999965352e-03,1.292000000000000925e+00,0.000000000000000000e+00,0.000000000000000000e+00
1.787999999999999901e+01,1.328642030274231889e+00,-6.088895206794492539e-03,-3.489999999999965352e-03,1.332000000000000961e+00,0.000000000000000000e+00,0.000000000000000000e+00
1.807999999999999829e+01,1.368841785454468774e+00,-6.229192921987373316e-03,-3.489999999999916780e-03,1.372000000000000997e+00,0.000000000000000000e+00,0.000000000000000000e+00
1.828000000000000114e+01,1.409041540634706546e+00,-6.369490637180261899e-03,-3.489999999999916780e-03,1.412000000000001032e+00,0.000000000000000000e+00,0.000000000000000000e+00
1.848000000000000043e+01,1.449241295814943875e+00,-6.509788352373213800e-03,-3.489999999999916780e-03,1.452000000000001068e+00,0.000000000000000000e+00,0.000000000000000000e+00
1.867999999999999972e+01,1.489441050995181648e+00,-6.650086067566035597e-03,-3.489999999999861269e-03,1.492000000000001103e+00,0.000000000000000000e+00,0.000000000000000000e+00
1.887999999999999901e+01,1.529640806175419199e+00,-6.790383782758922446e-03,-3.489999999999861269e-03,1.532000000000001139e+00,0.000000000000000000e+00,0.000000000000000000e+00
1.907999999999999829e+01,1.569839165888682331e+00,-7.197243910025199164e-03,-6.979999999999852642e-03,1.572000000000001174e+00,0.000000000000000000e+00,0.000000000000000000e+00
1.928000000000000114e+01,1.610038186612617217e+00,-7.477837631572509768e-03,-6.979999999999852642e-03,1.612000000000001210e+00,0.000000000000000000e+00,0.000000000000000000e+00
1.948000000000000043e+01,1.650238235575375745e+00,-7.562016944223634574e-03,-3.489999999999854330e-03,1.652000000000001245e+00,0.000000000000000000e+00,0.000000000000000000e+00
1.967999999999999972e+01,1.690437990755613296e+00,-7.702314659416519688e-03,-3.489999999999854330e-03,1.692000000000001281e+00,0.000000000000000000e+00,0.000000000000000000e+00
1.987999999999999901e+01,1.730637745935850846e+00,-7.842612374609406536e-03,-3.489999999999854330e-03,1.732000000000001316e+00,0.000000000000000000e+00,0.000000000000000000e+00
2.007999999999999829e+01,1.770837501116088175e+00,-7.982910089802284712e-03,-3.489999999999805758e-03,1.772000000000001352e+00,0.000000000000000000e+00,0.000000000000000000e+00
2.028000000000000114e+01,1.811037256296325726e+00,-8.123207804995168091e-03,-3.489999999999805758e-03,1.812000000000001387e+00,0.000000000000000000e+00,0.000000000000000000e+00
2.048000000000000043e+01,1.843237011476563270e+00,-8.263505520188122594e-03,-3.489999999999805758e-03,1.852000000000001423e+00,0.000000000000000000e+00,0.000000000000000000e+00
2.067999999999999972e+01,1.881436766656801041e+00,-8.403803235380919237e-03,-3.489999999999750246e-03,1.892000000000001458e+00,0.000000000000000000e+00,0.000000000000000000e+00
2.087999999999999901e+01,1.921636521837038369e+00,-8.544100950573802616e-03,-3.489999999999750246e-03,1.932000000000001494e+00,0.000000000000000000e+00,0.000000000000000000e+00
2.107999999999999829e+01,1.971836277017276151e+00,-1.868439866576668273e-02,-3.489999999999750246e-03,1.972000000000001529e+00,0.000000000000000000e+00,0.000000000000000000e+00
2.130000000000000071e+01,2.016056007715539167e+00,-1.883872615247885948e-02,-3.489999999999750246e-03,2.016000000000001346e+00,0.000000000000000000e+00,0.000000000000000000e+00
2.148000000000000043e+01,2.052235787377755027e+00,-1.096499409615245453e-02,-3.489999999999750246e-03,2.052000000000001378e+00,0.000000000000000000e+00,0.000000000000000000e+00
2.167999999999999972e+01,2.092435542557994577e+00,-9.105291811345343073e-03,-3.489999999999750246e-03,2.092000000000001414e+00,0.000000000000000000e+00,0.000000000000000000e+00
2.187999999999999901e+01,2.132635297738234570e+00,-9.245589526538233391e-03,-3.489999999999750246e-03,2.132000000000001450e+00,0.000000000000000000e+00,0.000000000000000000e+00
2.207999999999999829e+01,2.172835052918475007e+00,-1.938588724173113953e-02,-3.489999999999750246e-03,2.172000000000001485e+00,0.000000000000000000e+00,0.000000000000000000e+00
2.228000000000000114e+01,2.213034808098714112e+00,-1.952618495692403158e-02,-3.489999999999750246e-03,2.212000000000001521e+00,0.000000000000000000e+00,0.000000000000000000e+00
2.248000000000000043e+01,2.253235945991536315e+00,-1.182362651377746876e-02,-6.281999999999744386e-03,2.252000000000001556e+00,0.000000000000000000e+00,0.000000000000000000e+00
2.267999999999999972e+01,2.293432555764067793e+00,-1.014349080256042764e-02,-6.979999999999741619e-03,2.292000000000001592e+00,0.000000000000000000e+00,0.000000000000000000e+00
2.287999999999999901e+01,2.333631576488004900e+00,-1.042408452410775212e-02,-6.979999999999741619e-03,2.332000000000001627e+00,0.000000000000000000e+00,0.000000000000000000e+00
2.307999999999999829e+01,2.363831992678917526e+00,-2.043811583358166178e-02,-3.489999999999743308e-03,2.372000000000001663e+00,0.000000000000000000e+00,0.000000000000000000e+00
2.328000000000000114e+01,2.404031747859157964e+00,-2.057841354877455037e-02,-3.489999999999743308e-03,2.412000000000001698e+00,0.000000000000000000e+00,0.000000000000000000e+00
2.348000000000000043e+01,2.444233081604878510e+00,-1.287585619928194314e-02,-6.281999999999697548e-03,2.452000000000001734e+00,0.000000000000000000e+00,0.000000000000000000e+00
2.367999999999999972e+01,2.484429495524510756e+00,-1.119571939441094122e-02,-6.979999999999686108e-03,2.492000000000001769e+00,0.000000000000000000e+00,0.000000000000000000e+00
2.387999999999999901e+01,2.524628516248448307e+00,-1.147631311595826223e-02,-6.979999999999686108e-03,2.532000000000001805e+00,0.000000000000000000e+00,0.000000000000000000e+00
2.407999999999999829e+01,2.564827536972384969e+00,-1.175690683750558324e-02,-6.979999999999679169e-03,2.572000000000001840e+00,0.000000000000000000e+00,0.000000000000000000e+00
2.428000000000000114e+01,2.605026557696322076e+00,-1.203750055905290078e-02,-6.979999999999679169e-03,2.612000000000001876e+00,0.000000000000000000e+00,0.000000000000000000e+00
2.448000000000000043e+01,2.645225578420259183e+00,-2.031809428060032952e-02,-6.979999999999679169e-03,2.652000000000001911e+00,0.000000000000000000e+00,0.000000000000000000e+00
2.467999999999999972e+01,2.685424599144196289e+00,-2.259868800214752740e-02,-6.979999999999623658e-03,2.692000000000001947e+00,0.000000000000000000e+00,0.000000000000000000e+00
2.487999999999999901e+01,2.725623619868133396e+00,-2.287928172369484495e-02,-6.979999999999623658e-03,2.732000000000001982e+00,0.000000000000000000e+00,0.000000000000000000e+00
2.507999999999999829e+01,2.765822640592070503e+00,-2.315987544524213820e-02,-6.979999999999623658e-03,2.772000000000002018e+00,0.000000000000000000e+00,0.000000000000000000e+00
2.530000000000000071e+01,2.810041563388401276e+00,-2.346852853894419028e-02,-6.979999999999623658e-03,2.816000000000002057e+00,0.000000000000000000e+00,0.000000000000000000e+00
2.548000000000000043e+01,2.846220682039944716e+00,-2.372106288833677329e-02,-6.979999999999623658e-03,2.852000000000002089e+00,0.000000000000000000e+00,0.000000000000000000e+00
2.567999999999999972e+01,2.886419702763882267e+00,-2.400165660988407695e-02,-6.979999999999623658e-03,2.892000000000002125e+00,0.000000000000000000e+00,0.000000000000000000e+00
2.587999999999999901e+01,2.926618723487819373e+00,-2.428225033143139797e-02,-6.979999999999623658e-03,2.932000000000002160e+00,0.000000000000000000e+00,0.000000000000000000e+00
2.607999999999999829e+01,2.966817744211756480e+00,-1.656284405297869453e-02,-6.979999999999623658e-03,2.972000000000002196e+00,0.000000000000000000e+00,0.000000000000000000e+00
2.628000000000000114e+01,3.007016764935694031e+00,-1.484343777452601029e-02,-6.979999999999623658e-03,3.012000000000002231e+00,0.000000000000000000e+00,0.000000000000000000e+00
2.648000000000000043e+01,3.047215785659630694e+00,-2.312403149607331759e-02,-6.979999999999623658e-03,3.052000000000002267e+00,0.000000000000000000e+00,0.000000000000000000e+00
2.667999999999999972e+01,3.087414806383567800e+00,-2.540462521762062997e-02,-6.979999999999623658e-03,3.092000000000002302e+00,0.000000000000000000e+00,0.000000000000000000e+00
2.687999999999999901e+01,3.127613827107505351e+00,-2.568521893916794752e-02,-6.979999999999623658e-03,3.132000000000002338e+00,0.000000000000000000e+00,0.000000000000000000e+00
2.707999999999999829e+01,3.167814243298415988e+00,-2.569925024864184310e-02,-3.489999999999632285e-03,3.172000000000002373e+00,0.000000000000000000e+00,0.000000000000000000e+00
2.728000000000000114e+01,3.208013998478655981e+00,-2.583954796383472821e-02,-3.489999999999632285e-03,3.212000000000002409e+00,0.000000000000000000e+00,0.000000000000000000e+00
2.748000000000000043e+01,3.248213753658895975e+00,-2.597984567902770353e-02,-3.489999999999632285e-03,3.252000000000002444e+00,0.000000000000000000e+00,0.000000000000000000e+00
2.767999999999999972e+01,3.288413508839135524e+00,-2.612014339422045334e-02,-3.489999999999583713e-03,3.292000000000002480e+00,0.000000000000000000e+00,0.000000000000000000e+00
2.787999999999999901e+01,3.328613264019375073e+00,-2.626044110941333498e-02,-3.489999999999583713e-03,3.332000000000002515e+00,0.000000000000000000e+00,0.000000000000000000e+00
2.810000000000000142e+01,3.372831525805033870e+00,-2.669536060883434536e-02,-6.979999999999519575e-03,3.376000000000002554e+00,0.000000000000000000e+00,0.000000000000000000e+00
2.828000000000000114e+01,3.409010644456576866e+00,-2.694789495822692491e-02,-6.979999999999519575e-03,3.412000000000002586e+00,0.000000000000000000e+00,0.000000000000000000e+00
2.848000000000000043e+01,3.449209665180514861e+00,-2.722848867977425286e-02,-6.979999999999519575e-03,3.452000000000002622e+00,0.000000000000000000e+00,0.000000000000000000e+00
2.867999999999999972e+01,3.489408685904452412e+00,-2.750908240132154958e-02,-6.979999999999512636e-03,3.492000000000002657e+00,0.000000000000000000e+00,0.000000000000000000e+00
2.887999999999999901e+01,3.529607706628389074e+00,-2.778967612286886366e-02,-6.979999999999512636e-03,3.532000000000002693e+00,0.000000000000000000e+00,0.000000000000000000e+00
2.910000000000000142e+01,3.573826629424720736e+00,-2.809832921657091226e-02,-6.979999999999512636e-03,3.576000000000002732e+00,0.000000000000000000e+00,0.000000000000000000e+00
2.928000000000000114e+01,3.610005748076264176e+00,-2.835086356596349527e-02,-6.979999999999512636e-03,3.612000000000002764e+00,0.000000000000000000e+00,0.000000000000000000e+00
2.948000000000000043e+01,3.642204768800201276e+00,-2.863145728751079894e-02,-6.979999999999512636e-03,3.652000000000002800e+00,0.000000000000000000e+00,0.000000000000000000e+00
2.967999999999999972e+01,3.680403789524138602e+00,-2.891205100905810954e-02,-6.979999999999512636e-03,3.692000000000002835e+00,0.000000000000000000e+00,0.000000000000000000e+00
2.987999999999999901e+01,3.720602810248076153e+00,-2.919264473060542361e-02,-6.979999999999512636e-03,3.732000000000002871e+00,0.000000000000000000e+00,0.000000000000000000e+00
3.007999999999999829e+01,3.770801830972012603e+00,-2.947323845215272728e-02,-6.979999999999512636e-03,3.772000000000002906e+00,0.000000000000000000e+00,0.000000000000000000e+00
3.028000000000000114e+01,3.811000851695950598e+00,-2.975383217370004135e-02,-6.979999999999512636e-03,3.812000000000002942e+00,0.000000000000000000e+00,0.000000000000000000e+00
3.048000000000000043e+01,3.841199872419889250e+00,-3.003442589524735196e-02,-6.979999999999512636e-03,3.852000000000002977e+00,0.000000000000000000e+00,0.000000000000000000e+00
3.067999999999999972e+01,3.869339186926644469e+00,-3.023084150033046938e-02,-6.979999999999512636e-03,3.880000000000003002e+00,0.000000000000000000e+00,0.000000000000000000e+00
3.087999999999999901e+01,3.869339186926644469e+00,-3.023084150033046938e-02,4.126000000000049073e-02,3.880000000000003002e+00,0.000000000000000000e+00,4.799999999999998712e-02
3.107999999999999829e+01,3.869339186926644469e+00,-3.023084150033046938e-02,1.015600000000004416e-01,3.880000000000003002e+00,0.000000000000000000e+00,1.080000000000000127e-01
3.128000000000000114e+01,3.869339186926644469e+00,-3.023084150033046938e-02,1.618600000000005035e-01,3.880000000000003002e+00,0.000000000000000000e+00,1.680000000000000659e-01
3.148000000000000043e+01,3.869339186926644469e+00,-3.023084150033046938e-02,2.221600000000005515e-01,3.880000000000003002e+00,0.000000000000000000e+00,2.280000000000000637e-01
3.167999999999999972e+01,3.869339186926644469e+00,-3.023084150033046938e-02,2.824600000000003219e-01,3.880000000000003002e+00,0.000000000000000000e+00,2.880000000000002558e-01
3.187999999999999901e+01,3.869339186926644469e+00,-3.023084150033046938e-02,3.427600000000001201e-01,3.880000000000003002e+00,0.000000000000000000e+00,3.480000000000003091e-01
3.207999999999999829e+01,3.869339186926644469e+00,-3.023084150033046938e-02,4.030599999999999739e-01,3.880000000000003002e+00,0.000000000000000000e+00,4.080000000000004179e-01
3.228000000000000114e+01,3.869339186926644469e+00,-3.023084150033046938e-02,4.633599999999997721e-01,3.880000000000003002e+00,0.000000000000000000e+00,4.680000000000003602e-01
3.247999999999999687e+01,3.869339186926644469e+00,-3.023084150033046938e-02,5.236599996984996341e-01,3.880000000000003002e+00,0.000000000000000000e+00,5.280000000000004690e-01
3.267999999999999972e+01,3.869339186926644469e+00,-3.023084150033046938e-02,5.839599999999995905e-01,3.880000000000003002e+00,0.000000000000000000e+00,5.880000000000001892e-01
3.288000000000000256e+01,3.869339186926644469e+00,-3.023084150033046938e-02,6.442599999999992777e-01,3.880000000000003002e+00,0.000000000000000000e+00,6.480000000000004645e-01
3.307999999999999829e+01,3.869339186926644469e+00,-3.023084150033046938e-02,7.045599999999991869e-01,3.880000000000003002e+00,0.000000000000000000e+00,7.080000000000005178e-01
3.328000000000000114e+01,3.869339186926644469e+00,-3.023084150033046938e-02,7.648599999999989851e-01,3.880000000000003002e+00,0.000000000000000000e+00,7.680000000000005711e-01
3.347999999999999687e+01,3.869339186926644469e+00,-3.023084150033046938e-02,8.251599996984988472e-01,3.880000000000003002e+00,0.000000000000000000e+00,8.280000000000004023e-01
3.367999999999999972e+01,3.869339186926644469e+00,-3.023084150033046938e-02,8.854599999999989146e-01,3.880000000000003002e+00,0.000000000000000000e+00,8.880000000000004556e-01
3.388000000000000256e+01,3.869339186926644469e+00,-3.023084150033046938e-02,9.457599999999986018e-01,3.880000000000003002e+00,0.000000000000000000e+00,9.480000000000007310e-01
3.407999999999999829e+01,3.869339186926644469e+00,-3.023084150033046938e-02,1.006059999999998622e+00,3.880000000000003002e+00,0.000000000000000000e+00,1.008000000000000895e+00
3.428000000000000114e+01,3.869339186926644469e+00,-3.023084150033046938e-02,1.066359999999998198e+00,3.880000000000003002e+00,0.000000000000000000e+00,1.068000000000000727e+00
3.447999999999999687e+01,3.869339186926644469e+00,-3.023084150033046938e-02,1.126659999999997774e+00,3.880000000000003002e+00,0.000000000000000000e+00,1.128000000000001002e+00
3.467999999999999972e+01,3.869339186926644469e+00,-3.023084150033046938e-02,1.186959999999997795e+00,3.880000000000003002e+00,0.000000000000000000e+00,1.188000000000000833e+00
3.488000000000000256e+01,3.869339186926644469e+00,-3.023084150033046938e-02,1.247259999999997815e+00,3.880000000000003002e+00,0.000000000000000000e+00,1.248000000000000886e+00
3.510000000000000142e+01,3.869339186926644469e+00,-3.023084150033046938e-02,1.308615971901378794e+00,3.880000000000003002e+00,0.000000000000000000e+00,1.309050718309831662e+00
3.529999999999999716e+01,3.869339186926644469e+00,-3.023084150033046938e-02,1.353485339127755038e+00,3.880000000000003002e+00,0.000000000000000000e+00,1.353696854853490894e+00
3.547999999999999687e+01,3.875680276115037071e+00,1.296677276558124477e-03,1.386306089642381778e+00,3.886305847131767077e+00,3.137141950005141455e-02,1.386354318052125167e+00
3.567999999999999972e+01,3.882437820134822637e+00,4.092311634750574190e-02,1.416326569877417674e+00,3.893030929431127163e+00,7.080052970089600883e-02,1.416225442664100997e+00
3.588000000000000256e+01,3.898648277976607623e+00,8.063469368157435979e-02,1.433538248190041609e+00,3.898693115145397403e+00,1.103967821280645994e-01,1.440296764368203197e+00
3.610000000000000142e+01,3.904203651950697296e+00,1.245034724592121167e-01,1.455275978051474350e+00,3.903928169045197460e+00,1.540833847944599877e-01,1.461926346319877057e+00
3.628000000000000114e+01,3.908106099659186761e+00,1.604720791214483966e-01,1.469693216993107399e+00,3.907574430330967630e+00,1.898979431346740632e-01,1.476271857704587465e+00
3.647999999999999687e+01,3.911889088866631337e+00,2.004933929844198159e-01,1.482907079943922346e+00,3.911077903095570907e+00,2.297439305366212881e-01,1.489419980043706904e+00
3.667999999999999972e+01,3.915193979162683302e+00,2.405571192913227296e-01,1.493666724116164524e+00,3.914107758702511930e+00,2.696288242598006146e-01,1.500126093647927261e+00
3.688000000000000256e+01,3.918109190448269885e+00,2.806511492782792216e-01,1.502429073177891761e+00,3.916751617210876280e+00,3.095412272584079361e-01,1.508844848933228233e+00
3.707999999999999829e+01,3.920706831686166183e+00,3.207670491878783503e-01,1.509565791889676989e+00,3.919080925209619704e+00,3.494732648322942392e-01,1.515946061581770810e+00
3.728000000000000114e+01,3.923045681445671562e+00,3.608988974737848410e-01,1.515379229239544490e+00,3.921153914803535478e+00,3.894194570007699641e-01,1.521730576357759546e+00
3.750000000000000000e+01,3.925376423511109714e+00,4.050573816299034569e-01,1.520546165190652443e+00,3.923194532820663216e+00,4.333720638057139696e-01,1.526871806159856737e+00
3.767999999999999972e+01,3.927129727117933733e+00,4.411948558985372415e-01,1.523974379730705930e+00,3.924711941570034668e+00,4.693400525738205542e-01,1.530282964906177545e+00
3.788000000000000256e+01,3.928945742409236885e+00,4.813537996274614983e-01,1.527119129143863496e+00,3.926267126530370799e+00,5.093097923642151414e-01,1.533412068799865358e+00
3.807999999999999829e+01,3.930647585634845065e+00,5.215177492355561606e-01,1.529682183827351327e+00,3.927709243685185037e+00,5.492837768292337941e-01,1.535962371967514617e+00
3.828000000000000114e+01,3.932417204525033849e+00,5.536794216949983971e-01,1.528979443276167860e+00,3.929059192486423768e+00,5.892609836359999909e-01,1.538041237090713942e+00
3.847999999999999687e+01,3.934125682876563168e+00,5.918424121730114784e-01,1.529984742723577318e+00,3.930334000038882003e+00,6.292406595236642586e-01,1.539736062411518835e+00
3.867999999999999972e+01,3.935736904624978383e+00,6.320101069741772548e-01,1.531373592503318060e+00,3.931547539734089547e+00,6.692222436303996158e-01,1.541118002490863059e+00
3.888000000000000256e+01,3.937031302492602247e+00,6.821898287853859211e-01,1.535996219087222947e+00,3.932711116485078762e+00,7.092053140527856403e-01,1.542244994116640955e+00
3.907999999999999829e+01,3.938410725684460267e+00,7.223661536189960319e-01,1.536920038458851501e+00,3.933833943264730681e+00,7.491895502936152251e-01,1.543164217371992164e+00
3.928000000000000114e+01,3.939756581163595506e+00,7.625436174117281585e-01,1.537673667990583137e+00,3.934923529114359386e+00,7.891747066390664145e-01,1.543914097503068517e+00
3.947999999999999687e+01,3.941075050004454017e+00,8.027219895685807627e-01,1.538288563099299067e+00,3.935985995067241117e+00,8.291605931037263622e-01,1.544525933432139730e+00
3.967999999999999972e+01,3.942371171463976864e+00,8.429010890529512467e-01,1.538790348797544505e+00,3.937026331386421774e+00,8.691470616552450235e-01,1.545025222684125676e+00
3.988000000000000256e+01,3.943915468809568559e+00,8.730717803076317729e-01,1.535709903130619391e+00,3.938048607029340342e+00,9.091339961519757651e-01,1.545432739433453717e+00
4.010000000000000142e+01,3.945458299117770906e+00,9.172648572894338548e-01,1.536074679141002042e+00,3.939156192870147510e+00,9.531200534030992433e-01,1.545795700637812686e+00
4.028000000000000114e+01,3.946709748014521235e+00,9.534232072138150160e-01,1.536317220810225370e+00,3.940051637387437022e+00,9.891089151915914979e-01,1.546037035632064960e+00
4.047999999999999687e+01,3.948090887094124035e+00,9.935994744392855349e-01,1.536540150226492818e+00,3.941037306275794627e+00,1.029096768976132559e+00,1.546258855946757382e+00
4.067999999999999972e+01,3.949463921007139611e+00,1.033776019504991428e+00,1.536722239823617553e+00,3.942014948150892817e+00,1.069084819841306544e+00,1.546440039625488927e+00
4.088000000000000256e+01,3.950830333907333625e+00,1.073952790316096584e+00,1.536871000985484903e+00,3.942986032867656476e+00,1.109073030498578305e+00,1.546588060682073884e+00
4.107999999999999829e+01,3.952191337094556722e+00,1.114129744759397189e+00,1.536992558849569424e+00,3.943951760051721322e+00,1.149061370912700664e+00,1.546709013780666053e+00
4.128000000000000114e+01,3.953547919349143847e+00,1.154306848727435053e+00,1.537091908909679505e+00,3.944913108951319636e+00,1.189049816831741158e+00,1.546807869561871218e+00
4.147999999999999687e+01,3.954900887953851196e+00,1.194484074553526565e+00,1.537173125993762879e+00,3.945870879064960590e+00,1.229038348631914079e+00,1.546888682580858987e+00
4.167999999999999972e+01,3.956250902130196589e+00,1.234661399765115908e+00,1.537239534476859681e+00,3.946825723256491614e+00,1.269026950407946108e+00,1.546954760673492135e+00
4.188000000000000256e+01,3.957332069089505300e+00,1.284847284254973632e+00,1.540783846937446633e+00,3.947778174749696944e+00,1.309015609247414780e+00,1.547008802922833048e+00
4.207999999999999829e+01,3.958537463790155364e+00,1.325029208342667797e+00,1.540828277122133994e+00,3.948728669137666625e+00,1.349004314655184444e+00,1.547053012061824884e+00
4.228000000000000114e+01,3.959902175080090903e+00,1.357207498880055097e+00,1.538072631991169059e+00,3.949677562329342972e+00,1.388993058089842858e+00,1.547089186060865096e+00
4.247999999999999687e+01,3.961280242009028285e+00,1.395382526065557460e+00,1.537404386728747241e+00,3.950625145186408727e+00,1.428981832596400769e+00,1.547118792764921702e+00
4.267999999999999972e+01,3.962621841062758499e+00,1.435560133160309393e+00,1.537428745879180214e+00,3.951571655461637800e+00,1.468970632506183760e+00,1.547143030725552260e+00
4.288000000000000256e+01,3.963962553359190899e+00,1.475737769857050852e+00,1.537448693182201120e+00,3.952517287537674395e+00,1.508959453192342925e+00,1.547162878788258089e+00
4.307999999999999829e+01,3.965302539407364435e+00,1.515915430782067919e+00,1.537465032202026460e+00,3.953462200374448621e+00,1.548948290879635037e+00,1.547179136519427178e+00
4.328000000000000114e+01,3.966641930496526136e+00,1.546093111544969867e+00,1.537478419455836631e+00,3.954406523994675293e+00,1.588937142487319543e+00,1.547192457169983770e+00
4.347999999999999687e+01,3.967980834040722105e+00,1.586270808559917533e+00,1.537489391430331587e+00,3.955350364775559235e+00,1.628926005492938867e+00,1.547203374557539535e+00
4.367999999999999972e+01,3.969319337941868309e+00,1.626448518887413819e+00,1.537498386617305535e+00,3.956293809771218584e+00,1.668914877838864053e+00,1.547212324992339516e+00
4.388000000000000256e+01,3.970391080770422576e+00,1.676634649630591722e+00,1.540995763489479753e+00,3.957236930239027117e+00,1.708903757842765492e+00,1.547219665163659164e+00
4.407999999999999829e+01,3.971588760061257606e+00,1.716816804428969778e+00,1.541001815166737066e+00,3.958179784522860789e+00,1.748892644124631968e+00,1.547225686733070260e+00
4.428000000000000114e+01,3.972786218325311314e+00,1.756998965819541292e+00,1.541006828414789975e+00,3.959122419936567994e+00,1.788881535568370262e+00,1.547230675039590109e+00
4.447999999999999687e+01,3.973983494266975836e+00,1.797181132642181600e+00,1.541010897883714703e+00,3.960064874807390556e+00,1.828870431261000240e+00,1.547234724262401606e+00
4.467999999999999972e+01,3.975180621916410306e+00,1.837363303875348075e+00,1.541014237942875509e+00,3.961007182834680673e+00,1.868859330411371200e+00,1.547238047704352581e+00
4.488000000000000256e+01,3.976644061371926053e+00,1.877537076107846259e+00,1.537526981894614231e+00,3.961949370256318215e+00,1.908848232398254074e+00,1.547240778004588702e+00
4.507999999999999829e+01,3.977981195379864943e+00,1.917714832051222729e+00,1.537529237008539829e+00,3.962891458579974380e+00,1.948837136725697361e+00,1.547243021899042059e+00
4.528000000000000114e+01,3.979318247133997843e+00,1.947892590743836916e+00,1.537531091123687688e+00,3.963833465443353798e+00,1.988826042978435904e+00,1.547244866789736051e+00
4.547999999999999687e+01,3.980655231244935699e+00,1.988070351682482917e+00,1.537532616187955670e+00,3.964775405320305701e+00,2.028814950812227735e+00,1.547246384266619312e+00
4.567999999999999972e+01,3.981992159709323076e+00,2.028248114461756124e+00,1.537533871149163511e+00,3.965717290081753887e+00,2.068803859941142687e+00,1.547247632984238841e+00
4.588000000000000256e+01,3.983329042365887140e+00,2.078425878791297698e+00,1.537534904317249929e+00,3.966659129484130464e+00,2.108792770107363435e+00,1.547248661012184723e+00
4.607999999999999829e+01,3.984665887307111909e+00,2.118603644344808856e+00,1.537535755296010942e+00,3.967600931532229591e+00,2.148781681184736669e+00,1.547249507757220366e+00
4.628000000000000114e+01,3.986002701175513696e+00,2.158781410963492853e+00,1.537536456561525489e+00,3.968542702809010336e+00,2.188770592993744657e+00,1.547250205533851508e+00
4.647999999999999687e+01,3.987339489433197492e+00,2.198959178438105511e+00,1.537537034753021947e+00,3.969484448718453518e+00,2.228759505421900489e+00,1.547250780848774321e+00
4.667999999999999972e+01,3.988676256573884693e+00,2.239136946639132653e+00,1.537537511729498929e+00,3.970426173707440665e+00,2.268748418278999424e+00,1.547251255452233298e+00
4.688000000000000256e+01,3.990013006268118723e+00,2.279314715346026698e+00,1.537537905432403873e+00,3.971367881432611213e+00,2.308737331502756174e+00,1.547251647196415947e+00
4.707999999999999829e+01,3.991349741578280153e+00,2.319492484550765621e+00,1.537538230593272770e+00,3.972309574903428064e+00,2.348726245218019315e+00,1.547251970739569549e+00
4.728000000000000114e+01,3.992686464998697282e+00,2.359670254231869713e+00,1.537538499313365170e+00,3.973251256604643178e+00,2.388715159223328666e+00,1.547252238122746926e+00
4.747999999999999687e+01,3.994023178607728930e+00,2.399848024311597605e+00,1.537538721533808328e+00,3.974192928586731455e+00,2.428704073432366162e+00,1.547252459237615119e+00
4.767999999999999972e+01,3.995359884056172817e+00,2.440025794653683633e+00,1.537538905427561220e+00,3.975134592498999808e+00,2.468692987639605985e+00,1.547252642216472962e+00
4.788000000000000256e+01,3.996696582803135112e+00,2.480203564987765841e+00,1.537539057715461732e+00,3.976076249728038192e+00,2.508681902089710647e+00,1.547252793746722643e+00
4.807999999999999829e+01,3.998033275948465803e+00,2.520381335779925180e+00,1.537539183926515118e+00,3.977017901446372683e+00,2.548670816655384197e+00,1.547252919329858978e+00
4.828000000000000114e+01,4.007369964486542813e+00,2.552559106593920379e+00,1.537539288609597987e+00,3.977959548600827677e+00,2.588659731488494042e+00,1.547253023492130675e+00
4.847999999999999687e+01,4.010706649175069138e+00,2.590736877678142758e+00,1.537539375514408002e+00,3.978901191976920604e+00,2.628648646213786133e+00,1.547253109964578321e+00
4.867999999999999972e+01,4.012043330680876707e+00,2.630914648555537472e+00,1.537539447723274444e+00,3.979842832138517306e+00,2.668637561076653952e+00,1.547253181814196354e+00
4.888000000000000256e+01,4.003380009570657982e+00,2.671092419860947587e+00,1.537539508305155289e+00,3.980784469760826561e+00,2.708626476189245125e+00,1.547253242094675185e+00
4.907999999999999829e+01,4.004716686240477053e+00,2.711270191525177786e+00,1.537539558215820223e+00,3.981726105121823345e+00,2.748615391293510068e+00,1.547253291757027638e+00
4.928000000000000114e+01,4.006053361062056339e+00,2.751447962716445872e+00,1.537539599793071199e+00,3.982667738608881791e+00,2.788604306622563644e+00,1.547253333127426744e+00
4.947999999999999687e+01,4.007390034274007640e+00,2.791625733153375588e+00,1.537539634482864681e+00,3.983609370699010110e+00,2.828593221243318467e+00,1.547253367644634725e+00
4.967999999999999972e+01,4.008726706223690428e+00,2.831803504096745083e+00,1.537539663460177897e+00,3.984551001460750363e+00,2.868582136889044509e+00,1.547253396477783038e+00
4.988000000000000256e+01,4.020063377113793024e+00,2.871981274865847755e+00,1.537539687707794922e+00,3.985492631212884440e+00,2.908571052977527938e+00,1.547253420604765894e+00
5.007999999999999829e+01,4.021400047238419262e+00,2.912159045652142009e+00,1.537539708027930940e+00,3.986434260088228765e+00,2.948559968122717923e+00,1.547253440823806558e+00
5.028000000000000114e+01,4.022736716522272715e+00,2.952336816849613577e+00,1.537539725066935148e+00,3.987375888108488642e+00,2.988548884390131111e+00,1.547253457778039909e+00
5.047999999999999687e+01,4.024073385216197174e+00,2.992514588635777795e+00,1.537539739366329039e+00,3.988317515562655569e+00,3.028537799008719666e+00,1.547253472006292707e+00
5.067999999999999972e+01,4.025410053169204083e+00,3.032692359894652245e+00,1.537539751391455489e+00,3.989259142495286792e+00,3.068526714478081452e+00,1.547253483971593235e+00
5.088000000000000256e+01,4.016746721185597835e+00,3.072870132610323157e+00,1.537539761545279049e+00,3.990200769008662718e+00,3.108515629462220264e+00,1.547253494074899871e+00
5.107999999999999829e+01,4.018083388289980462e+00,3.113047906412119925e+00,1.537539770138002915e+00,3.991142395350995908e+00,3.148504549442906697e+00,1.547253502624873711e+00
5.128000000000000114e+01,4.027420055368211571e+00,3.153225681148155601e+00,1.537539777381957018e+00,3.992084020964129731e+00,3.188493466415517563e+00,1.547253509832789087e+00
5.147999999999999687e+01,4.030756721781871832e+00,3.193403449910138914e+00,1.537539783523210524e+00,3.993025646888368474e+00,3.228482384314372844e+00,1.547253515943488145e+00
5.167999999999999972e+01,4.032093388103726639e+00,3.233581216361391952e+00,1.537539788803320207e+00,3.993967272035876093e+00,3.268471298016122795e+00,1.547253521197329507e+00
5.188000000000000256e+01,4.033430054387117103e+00,3.283758990609845885e+00,1.537539793312590941e+00,3.994908897082188215e+00,3.308460219010842085e+00,1.547253525684167075e+00
5.207999999999999829e+01,4.034766721017456703e+00,3.323936759592943435e+00,1.537539797185088153e+00,3.995850522794281989e+00,3.348449138890604360e+00,1.547253529537399031e+00
5.228000000000000114e+01,4.036299683806462646e+00,3.354107661113451933e+00,1.534049800482512715e+00,3.996792147539184992e+00,3.388438060650927230e+00,1.547253532818418265e+00
5.247999999999999687e+01,4.037776560975989248e+00,3.394280517238803085e+00,1.534049803226332553e+00,3.997733772954441989e+00,3.428426983054666088e+00,1.547253535548588133e+00
5.267999999999999972e+01,4.039253438855856970e+00,3.434453366870098723e+00,1.534049805710544057e+00,3.998675397114137109e+00,3.468415890359379805e+00,1.547253538020440189e+00
5.288000000000000256e+01,4.040730315408386453e+00,3.474626222804150899e+00,1.534049807978199453e+00,3.999617021262067418e+00,3.508404799051004108e+00,1.547253540276814165e+00
5.307999999999999829e+01,4.042207193125030962e+00,3.514799089942730603e+00,1.534049809805453579e+00,4.000558645004967495e+00,3.548393709848980393e+00,1.547253542094976675e+00
5.328000000000000114e+01,4.043530990089190702e+00,3.554980880659851739e+00,1.536841811000545066e+00,4.001500270966410255e+00,3.588382628196263191e+00,1.547253543284123456e+00
5.347999999999999687e+01,4.044824439943556449e+00,3.595156583727494581e+00,1.537539812914223036e+00,4.002441894764912966e+00,3.628371534746010152e+00,1.547253545188280510e+00
5.367999999999999972e+01,4.046161106775644001e+00,3.635334356647583309e+00,1.537539814539324645e+00,4.003383516393317798e+00,3.668360465099926415e+00,1.547253546805297031e+00
5.389999999999999858e+01,4.047631437418148792e+00,3.679529907643315223e+00,1.537539816779125879e+00,4.004419304666837043e+00,3.712348275103932949e+00,1.547253549033954734e+00
5.410000000000000142e+01,4.048968103168934185e+00,3.719707676384406803e+00,1.537539818224014976e+00,4.005360929776021983e+00,3.752337189950853524e+00,1.547253550471656025e+00
5.428000000000000114e+01,4.050171101232672655e+00,3.755867676044057024e+00,1.537539819475011393e+00,4.006208392593189949e+00,3.788327220110862203e+00,1.547253551716428088e+00
5.447999999999999687e+01,4.051507763153479935e+00,3.796045456718119659e+00,1.537539817978561096e+00,4.007150013219470175e+00,3.828316136532496472e+00,1.547253550227422725e+00
5.467999999999999972e+01,4.052844429220273881e+00,3.836223218543025393e+00,1.537539814768996704e+00,4.008091637397200202e+00,3.868305046271717007e+00,1.547253547033826671e+00
5.488000000000000256e+01,4.053111762270900975e+00,3.844258769987022539e+00,1.555629814145711665e+00,4.008279962498330740e+00,3.876302830223066209e+00,1.565253546413641894e+00
5.507999999999999829e+01,4.053111762270900975e+00,3.844258769987022539e+00,1.615929814145710797e+00,4.008279962498330740e+00,3.876302830223066209e+00,1.625253546413641947e+00
5.528000000000000114e+01,4.053111762270900975e+00,3.844258769987022539e+00,1.676229814145711039e+00,4.008279962498330740e+00,3.876302830223066209e+00,1.685253546413642001e+00
5.547999999999999687e+01,4.053111762270900975e+00,3.844258769987022539e+00,1.736529814145711281e+00,4.008279962498330740e+00,3.876302830223066209e+00,1.745253546413642276e+00
5.567999999999999972e+01,4.053111762270900975e+00,3.844258769987022539e+00,1.796829814145710413e+00,4.008279962498330740e+00,3.876302830223066209e+00,1.805253546413642107e+00
5.588000000000000256e+01,4.053111762270900975e+00,3.844258769987022539e+00,1.857129814145710656e+00,4.008279962498330740e+00,3.876302830223066209e+00,1.865253546413642161e+00
5.607999999999999829e+01,4.053111762270900975e+00,3.844258769987022539e+00,1.917429814145710232e+00,4.008279962498330740e+00,3.876302830223066209e+00,1.925253546413642214e+00
5.628000000000000114e+01,4.053111762270900975e+00,3.844258769987022539e+00,1.977729814145710030e+00,4.008279962498330740e+00,3.876302830223066209e+00,1.985253546413642267e+00
5.647999999999999687e+01,4.053111762270900975e+00,3.844258769987022539e+00,2.038029814145708496e+00,4.008279962498330740e+00,3.876302830223066209e+00,2.045253546413640766e+00
5.667999999999999972e+01,4.053111762270900975e+00,3.844258769987022539e+00,2.098329814145709182e+00,4.008279962498330740e+00,3.876302830223066209e+00,2.105253546413638599e+00
5.688000000000000256e+01,4.053111762270900975e+00,3.844258769987022539e+00,2.158629814145708981e+00,4.008279962498330740e+00,3.876302830223066209e+00,2.165253546413636432e+00
5.707999999999999829e+01,4.053111762270900975e+00,3.844258769987022539e+00,2.218929814145709223e+00,4.008279962498330740e+00,3.876302830223066209e+00,2.225253546413634265e+00
5.728000000000000114e+01,4.053111762270900975e+00,3.844258769987022539e+00,2.279229814145708577e+00,4.008279962498330740e+00,3.876302830223066209e+00,2.285253546413632098e+00
5.747999999999999687e+01,4.053111762270900975e+00,3.844258769987022539e+00,2.339529814145708375e+00,4.008279962498330740e+00,3.876302830223066209e+00,2.345253546413629930e+00
5.767999999999999972e+01,4.053111762270900975e+00,3.844258769987022539e+00,2.399829814145708173e+00,4.008279962498330740e+00,3.876302830223066209e+00,2.405253546413627763e+00
5.788000000000000256e+01,4.053111762270900975e+00,3.844258769987022539e+00,2.460129814145707972e+00,4.008279962498330740e+00,3.876302830223066209e+00,2.465253546413625596e+00
5.807999999999999829e+01,4.053111762270900975e+00,3.844258769987022539e+00,2.520429814145708214e+00,4.008279962498330740e+00,3.876302830223066209e+00,2.525253546413623429e+00
5.828000000000000114e+01,4.053111762270900975e+00,3.844258769987022539e+00,2.580729814145708012e+00,4.008279962498330740e+00,3.876302830223066209e+00,2.585253546413621262e+00
5.847999999999999687e+01,4.053111762270900975e+00,3.844258769987022539e+00,2.641029814145707366e+00,4.008279962498330740e+00,3.876302830223066209e+00,2.645253546413619095e+00
5.867999999999999972e+01,4.053111762270900975e+00,3.844258769987022539e+00,2.701329814145707164e+00,4.008279962498330740e+00,3.876302830223066209e+00,2.705253546413616927e+00
5.888000000000000256e+01,4.053111762270900975e+00,3.844258769987022539e+00,2.761629814145706963e+00,4.008279962498330740e+00,3.876302830223066209e+00,2.765253546413614760e+00
5.907999999999999829e+01,4.053111762270900975e+00,3.844258769987022539e+00,2.821929814145707205e+00,4.008279962498330740e+00,3.876302830223066209e+00,2.825253546413612593e+00
5.928000000000000114e+01,4.053111762270900975e+00,3.844258769987022539e+00,2.875782207143739999e+00,4.008279962498330740e+00,3.876302830223066209e+00,2.878838017058420018e+00
5.947999999999999687e+01,4.041364764034710788e+00,3.846988230090184313e+00,2.919176476428897882e+00,3.996583662073851517e+00,3.878985163084575749e+00,2.922016394456588895e+00
5.967999999999999972e+01,4.002001938873170239e+00,3.855139473303576203e+00,2.954272548456845282e+00,3.957394501643011431e+00,3.886988146214111151e+00,2.956937859161014703e+00
5.988000000000000256e+01,3.962399885731954008e+00,3.862039327817643919e+00,2.982825746603278816e+00,3.917971800252626924e+00,3.893751531548901301e+00,2.985349001595276608e+00
6.007999999999999829e+01,3.922696548292103014e+00,3.868240957657600010e+00,3.000481725116535880e+00,3.878388062229466637e+00,3.899501022370410741e+00,3.008473358324885716e+00
6.028000000000000114e+01,3.882847237674411645e+00,3.873621943140196144e+00,3.018003531510097925e+00,3.838692557016519125e+00,3.904422383232467819e+00,3.027297046278678572e+00
6.047999999999999687e+01,3.842915911459803713e+00,3.878258467497252227e+00,3.033404906920917909e+00,3.798918900272441945e+00,3.908667972622263509e+00,3.042621797931233996e+00
6.067999999999999972e+01,3.802950884193764036e+00,3.882554584216808991e+00,3.043153037768574709e+00,3.759090139512425210e+00,3.912362445792112897e+00,3.055099540068204167e+00
6.089999999999999858e+01,3.758925717696162572e+00,3.886725707613454706e+00,3.053595400092543599e+00,3.715233676202861268e+00,3.915910818329877863e+00,3.066184477703993050e+00
6.107999999999999829e+01,3.732873918368503130e+00,3.879767782689643951e+00,3.060983456490802723e+00,3.679326024347829183e+00,3.918486611645744855e+00,3.073535777602756536e+00
6.128000000000000114e+01,3.692793397350662588e+00,3.882863857164928767e+00,3.067757668962022510e+00,3.639409426536134973e+00,3.921067150928359002e+00,3.080276287524368772e+00
6.147999999999999687e+01,3.652694608970890489e+00,3.885713943969995476e+00,3.073330357520142275e+00,3.599477793225178690e+00,3.923403936738303788e+00,3.085821251263791698e+00
6.167999999999999972e+01,3.602581986807449788e+00,3.898362498676659627e+00,3.077818073216078254e+00,3.559534957043056114e+00,3.925541035225371900e+00,3.090286640015966313e+00
6.189999999999999858e+01,3.558446167451904785e+00,3.901089269339617971e+00,3.081805252402691764e+00,3.515588325693878247e+00,3.927706923562522157e+00,3.094253982490209776e+00
6.207999999999999829e+01,3.530327845502205353e+00,3.903200771659385282e+00,3.084481654415467400e+00,3.479626338854780787e+00,3.929360628630371277e+00,3.096917069070086903e+00
6.228000000000000114e+01,3.492190544771593963e+00,3.905444942565077682e+00,3.086903435440999210e+00,3.439664057236615502e+00,3.931097083757743693e+00,3.099326801433800238e+00
6.247999999999999687e+01,3.452048423399514121e+00,3.907601228432506346e+00,3.088877662845164185e+00,3.399698084202371628e+00,3.932746473569249002e+00,3.101291206811079171e+00
6.267999999999999972e+01,3.411902514811516962e+00,3.909685856928681424e+00,3.090487310005145982e+00,3.359729242532426774e+00,3.934324876164315032e+00,3.102892845776234143e+00
6.289999999999999858e+01,3.367738583623831161e+00,3.911911896083616558e+00,3.091919350303688585e+00,3.315760942828755109e+00,3.935994695313179914e+00,3.104317761496176775e+00
6.307999999999999829e+01,3.331602333808999283e+00,3.913690589651113161e+00,3.092870434528332435e+00,3.279785299466585258e+00,3.937318699887685902e+00,3.105264113958509764e+00
6.328000000000000114e+01,3.291449157116343560e+00,3.915630254353987816e+00,3.093743680378565841e+00,3.239811042121994333e+00,3.938753499329863850e+00,3.106133015302024791e+00
6.347999999999999687e+01,3.251294460587068169e+00,3.917538205750288327e+00,3.094456116264036272e+00,3.199835669144427630e+00,3.940156884002906867e+00,3.106841906730354097e+00
6.367999999999999972e+01,3.201138542620361793e+00,3.919420280907514265e+00,3.095037453707495612e+00,3.159859404258077653e+00,3.941534636258412494e+00,3.107420351947726367e+00
6.388000000000000256e+01,3.160981640293545780e+00,3.921281239073822533e+00,3.095511898758401603e+00,3.119882423746807465e+00,3.942891470654510844e+00,3.107892436575493189e+00
6.407999999999999829e+01,3.130823937106258725e+00,3.923124837216407812e+00,3.095903090441129102e+00,3.079904863174200536e+00,3.944231108834485244e+00,3.108281682030942239e+00
6.428000000000000114e+01,3.090665588141010112e+00,3.924954316583967540e+00,3.096221564131337978e+00,3.039926836315035352e+00,3.945556761531943568e+00,3.108598571274929778e+00
6.448000000000000398e+01,3.050506713689895122e+00,3.926772225756387069e+00,3.096481129399156984e+00,2.999948431005580840e+00,3.946870953312343389e+00,3.108856845173257444e+00
6.468000000000000682e+01,3.010347414509661590e+00,3.928580728860125326e+00,3.096690573836120564e+00,2.959969720464052934e+00,3.948175827893082523e+00,3.109065247598096438e+00
6.487999999999999545e+01,2.970187773603644388e+00,3.930381623700900828e+00,3.096861568313100221e+00,2.919990764628665136e+00,3.949473166123166123e+00,3.109235391357059619e+00
6.507999999999999829e+01,2.930027854046532987e+00,3.932176303265725092e+00,3.097001280298474768e+00,2.880011609469050438e+00,3.950764347811532406e+00,3.109374408257153721e+00
6.528000000000000114e+01,2.889867708038742933e+00,3.933965904035577665e+00,3.097115456552157475e+00,2.840032292140090231e+00,3.952050498731796591e+00,3.109488016469771576e+00
6.548000000000000398e+01,2.849707378762935672e+00,3.935751387514011324e+00,3.097207847645561785e+00,2.800052843809624381e+00,3.953332571293886044e+00,3.109579947905996011e+00
6.568000000000000682e+01,2.809546898765132639e+00,3.937533477725187137e+00,3.097284335187539650e+00,2.760073287829253541e+00,3.954611282679506790e+00,3.109656054912938838e+00
6.587999999999999545e+01,2.769386295636890871e+00,3.939312786505804631e+00,3.097346884992962845e+00,2.720093643819812002e+00,3.955887238950537732e+00,3.109718293525583821e+00
6.607999999999999829e+01,2.729225591384508043e+00,3.941089820484042328e+00,3.097398048041751117e+00,2.680113927957774145e+00,3.957160941918831387e+00,3.109769202031557267e+00
6.628000000000000114e+01,2.689064805031601502e+00,3.942864993527611439e+00,3.097439907270484571e+00,2.640134153411593854e+00,3.958432801564823134e+00,3.109810853005419595e+00
6.648000000000000398e+01,2.648903951401263335e+00,3.944638643862726557e+00,3.097474163027882366e+00,2.600154330909574707e+00,3.959703152907382950e+00,3.109844938336163711e+00
6.668000000000000682e+01,2.608743042748879581e+00,3.946411047923978899e+00,3.097502203595308146e+00,2.560174469200171110e+00,3.960972269766739107e+00,3.109872839398278632e+00
6.687999999999999545e+01,2.568582089282572589e+00,3.948182431688743055e+00,3.097525162669703569e+00,2.520194575422711747e+00,3.962240375991131547e+00,3.109895684248527026e+00
6.707999999999999829e+01,2.528421098569823222e+00,3.949952979968935018e+00,3.097543966224789447e+00,2.480214655399453960e+00,3.963507654617909104e+00,3.109914394253483927e+00
6.728000000000000114e+01,2.488260077891872424e+00,3.951722843867178980e+00,3.097559370717027249e+00,2.440234713896747287e+00,3.964774255346918963e+00,3.109929722106456129e+00
6.748000000000000398e+01,2.448099032449869927e+00,3.953492145817518288e+00,3.097572114631968354e+00,2.400254754762523923e+00,3.966040299444281381e+00,3.109942402618834034e+00
6.768000000000000682e+01,2.407937966619579928e+00,3.955260984874094277e+00,3.097582443390256124e+00,2.360274781112992049e+00,3.967305885028488799e+00,3.109952679990263480e+00
6.787999999999999545e+01,2.367776884434970253e+00,3.957029448017413742e+00,3.097590907886462297e+00,2.320294795679369582e+00,3.968571098264656705e+00,3.109961102374585451e+00
6.807999999999999829e+01,2.335615788182069164e+00,3.958797600755651125e+00,3.097597919151667600e+00,2.280314800515028661e+00,3.969836004014739128e+00,3.109968078757835208e+00
6.828000000000000114e+01,2.297454680987943032e+00,3.960565500301929553e+00,3.097603602296895797e+00,2.240334797420660440e+00,3.971100658978804265e+00,3.109973733628708548e+00
6.848000000000000398e+01,2.257293564679660580e+00,3.962333192817223182e+00,3.097608266883463912e+00,2.200354787842921933e+00,3.972365108869252648e+00,3.109978375008377594e+00
6.868000000000000682e+01,2.207121184683460413e+00,3.963834387072290966e+00,3.101102096879431169e+00,2.160374772934057219e+00,3.973629390411461237e+00,3.109982185949639266e+00
6.887999999999999545e+01,2.166954131171427100e+00,3.965461597234519076e+00,3.101105242772725479e+00,2.120394753645357788e+00,3.974893533700159853e+00,3.109985316191723026e+00
6.907999999999999829e+01,2.126795815718210303e+00,3.967249497481008635e+00,3.098315803425202297e+00,2.080414730791814382e+00,3.976157563749107560e+00,3.109987864104633903e+00
6.928000000000000114e+01,2.086634226470490017e+00,3.969052110023711499e+00,3.097619932181167712e+00,2.040434704983641545e+00,3.977421501016132233e+00,3.109989982269773190e+00
6.948000000000000398e+01,2.046473083930428594e+00,3.970819206821892600e+00,3.097621700784025656e+00,2.000454676728048664e+00,3.978685360829057327e+00,3.109991742073611842e+00
6.968000000000000682e+01,2.016311938595718889e+00,3.972586239663202345e+00,3.097623138484132621e+00,1.960474646442065483e+00,3.979949157288914741e+00,3.109993172620983515e+00
6.987999999999999545e+01,1.976150790907907684e+00,3.974353220061489722e+00,3.097624321824457905e+00,1.920494614557310298e+00,3.981212901798809156e+00,3.109994350074042124e+00
7.007999999999999829e+01,1.935989641302414244e+00,3.976120157282934109e+00,3.097625296275302365e+00,1.880514581252183071e+00,3.982476603541854843e+00,3.109995319676872594e+00
7.028000000000000114e+01,1.885828490173890204e+00,3.987887058938299756e+00,3.097626099102251729e+00,1.840534546937946381e+00,3.983740270056386645e+00,3.109996118509656515e+00
7.048000000000000398e+01,1.845667337709151257e+00,3.989653931189360403e+00,3.097626773124305455e+00,1.800554511590440665e+00,3.985003907447111082e+00,3.109996789178366861e+00
7.068000000000000682e+01,1.805517737626896491e+00,3.983637626909229734e+00,3.094835316973386430e+00,1.760574475574488096e+00,3.986267520538420595e+00,3.109997330321729425e+00
7.087999999999999545e+01,1.765363621357100454e+00,3.983594045798922068e+00,3.094137765265693840e+00,1.720594438812891758e+00,3.987531113978362463e+00,3.109997776383728318e+00
7.109999999999999432e+01,1.721193402697735575e+00,3.985691704142866332e+00,3.094138172693174482e+00,1.676616397767925593e+00,3.988921048096331301e+00,3.109998181784209059e+00
7.128000000000000114e+01,1.695038746501274174e+00,3.997071594548645912e+00,3.097628444073625698e+00,1.640634363873028523e+00,3.990058254847214769e+00,3.109998451814509401e+00
7.143999999999999773e+01,1.662909821566506574e+00,3.998485024700828561e+00,3.097628652393311643e+00,1.608650333764716223e+00,3.991069097737041549e+00,3.109998659097777285e+00
7.168000000000000682e+01,1.614716433531013129e+00,4.000605158614292556e+00,3.097628906902723411e+00,1.560674287878120348e+00,3.992585350890407447e+00,3.109998912340972144e+00
7.190000000000000568e+01,1.560539161010189080e+00,4.002548604976486679e+00,3.097629095048473058e+00,1.516696245433459600e+00,3.993975239995144921e+00,3.109999099550674106e+00
7.207999999999999829e+01,1.524394119955085669e+00,4.004138691773805547e+00,3.097629223362765138e+00,1.480714210291502297e+00,3.995112416368966635e+00,3.109999227226589280e+00
7.228000000000000114e+01,1.492232962331743629e+00,4.005905449954490827e+00,3.097629341480665488e+00,1.440734171276656816e+00,3.996375940748720268e+00,3.109999344756838369e+00
7.248000000000000398e+01,1.454071805110195736e+00,4.007672203811450728e+00,3.097629442122046495e+00,1.400754131989273565e+00,3.997639460863168903e+00,3.109999444897517229e+00
7.268000000000000682e+01,1.413910647758843009e+00,4.009438953962330743e+00,3.097629523112192196e+00,1.360774092843541228e+00,3.998902977354822585e+00,3.109999525484727911e+00
7.290000000000000568e+01,1.369733373899274964e+00,4.011382375703989034e+00,3.097629596507502026e+00,1.316796051037399051e+00,4.000292842027683093e+00,3.109999598514884500e+00
7.307999999999999829e+01,1.333588332611043148e+00,4.012972445865353066e+00,3.097629646265392722e+00,1.280814015030878439e+00,4.001430001948865112e+00,3.109999648025225660e+00
7.328000000000000114e+01,1.293427174607534980e+00,4.014739188504939271e+00,3.097629692859417805e+00,1.240833976139456230e+00,4.002693510913520214e+00,3.109999694387439284e+00
7.348000000000000398e+01,1.253266015064634198e+00,4.016505929622349313e+00,3.097629732387733092e+00,1.200853935833138708e+00,4.003957018298774706e+00,3.109999733719095882e+00
7.368000000000000682e+01,1.213104857315365104e+00,4.018272669039449241e+00,3.097629764720085888e+00,1.160873897584004277e+00,4.005220524191563491e+00,3.109999765890590684e+00
7.387999999999999545e+01,1.172943700346263052e+00,4.020039407283709565e+00,3.097629791724199944e+00,1.120893858319462977e+00,4.006484028995427771e+00,3.109999792760356208e+00
7.409999999999999432e+01,1.128766424447940953e+00,4.021982818529999726e+00,3.097629816622021082e+00,1.076915813974635094e+00,4.007873883085129485e+00,3.109999817534307098e+00
7.428000000000000114e+01,1.082621379090044522e+00,4.013572881291997518e+00,3.097629833466146732e+00,1.040933778145719524e+00,4.009011035556123481e+00,3.109999834294629562e+00
7.448000000000000398e+01,1.042460218473975742e+00,4.015339617297091657e+00,3.097629849352287135e+00,1.000953739531819320e+00,4.010274537869647382e+00,3.109999850101733188e+00
7.468000000000000682e+01,1.002299059032594419e+00,4.017106352438352346e+00,3.097629863064785827e+00,9.609737003930884924e-01,4.011538039397686717e+00,3.109999863746010007e+00
7.487999999999999545e+01,9.721378965873984646e-01,4.028873087433891165e+00,3.097629874260389826e+00,9.209936595057759412e-01,4.012801540766589348e+00,3.109999874885913673e+00
7.507999999999999829e+01,9.319767339347452273e-01,4.030639822116012461e+00,3.097629884006815271e+00,8.810136138242986581e-01,4.014065041664240496e+00,3.109999884583849905e+00
7.528000000000000114e+01,8.918155777882319502e-01,4.032406555675851045e+00,3.097629892049481359e+00,8.410335751058084508e-01,4.015328542131634038e+00,3.109999892586503112e+00
7.545999999999999375e+01,8.556705366091572618e-01,4.033996616259615919e+00,3.097629898234276258e+00,8.050515376821848479e-01,4.016465692324880266e+00,3.109999898740527957e+00
7.568000000000000682e+01,8.114932678580263348e-01,4.035940022613305089e+00,3.097629904551879587e+00,7.610734896158396490e-01,4.017855542414541681e+00,3.109999905026701761e+00
7.590000000000000568e+01,7.673160079514066423e-01,4.037883428095446092e+00,3.097629909819007654e+00,7.170954511139706611e-01,4.019245391272657564e+00,3.109999910267625900e+00
7.607999999999999829e+01,7.311709789141632720e-01,4.039473486949414216e+00,3.097629913525903778e+00,6.811134146995736494e-01,4.020382540755258027e+00,3.109999913956081219e+00
7.628000000000000114e+01,6.910098213676731937e-01,4.041240220459282995e+00,3.097629917149788970e+00,6.411333848970250937e-01,4.021646039747513335e+00,3.109999917561936389e+00
7.648000000000000398e+01,6.508486702506318666e-01,4.043006953178693408e+00,3.097629920345645882e+00,6.011533622540756738e-01,4.022909539229974740e+00,3.109999920741892687e+00
7.668000000000000682e+01,6.106875060094123508e-01,4.044773685055204737e+00,3.097629922967727101e+00,5.611733447092218663e-01,4.024173036558194028e+00,3.109999923350927009e+00
7.690000000000000568e+01,5.665102486514164148e-01,4.046717090676319017e+00,3.097629925461415468e+00,5.171953106663477184e-01,4.025562884426549637e+00,3.109999925832209300e+00
7.707999999999999829e+01,5.303652147720683274e-01,4.048307148743143458e+00,3.097629927335857403e+00,4.812132898515930624e-01,4.026700033144316571e+00,3.109999927697325361e+00
7.728000000000000114e+01,4.902168609759232076e-01,4.050346851422342631e+00,3.094837929264814935e+00,4.412332765375161503e-01,4.027963532242276656e+00,3.109999929616683811e+00
7.748000000000000398e+01,4.500646573486503099e-01,4.052317129167745335e+00,3.094139930718167175e+00,4.012532449896213937e-01,4.029227029055135745e+00,3.109999931062804368e+00
7.768000000000000682e+01,4.099099046221915676e-01,4.054224015263018011e+00,3.094139932414083916e+00,3.612732158693559015e-01,4.030490528918602600e+00,3.109999932750282969e+00
7.787999999999999545e+01,3.697551959991236536e-01,4.056130895239683731e+00,3.094139932457391495e+00,3.212932413447714963e-01,4.031754024916150314e+00,3.109999932793373834e+00
7.807999999999999829e+01,3.296005204150538881e-01,4.058037776919928952e+00,3.094139931846227487e+00,2.813132635630434808e-01,4.033017525315496954e+00,3.109999932185248728e+00
7.828000000000000114e+01,2.894304342622890935e-01,4.059608297815058719e+00,3.097629935184503580e+00,2.413332692687496783e-01,4.034281023377650932e+00,3.109999935506917446e+00
7.848000000000000398e+01,2.492692776124593168e-01,4.061375030086304072e+00,3.097629940089238865e+00,2.013532327216193407e-01,4.035544521755769942e+00,3.109999940387250916e+00
7.868000000000000682e+01,2.091081126906963183e-01,4.063141761429946541e+00,3.097629944801560065e+00,1.613731942954946819e-01,4.036808019779725143e+00,3.109999945076126870e+00
7.887999999999999545e+01,1.809953067644168301e-01,4.064378473876913311e+00,3.097629948656472454e+00,1.333871665588101108e-01,4.037692468595785122e+00,3.109999948911860823e+00
7.907999999999999829e+01,1.809953067644168301e-01,4.064378473876913311e+00,-3.131285358523114404e+00,1.333871665588101108e-01,4.037692468595785122e+00,-3.119185358267727803e+00
7.928000000000000114e+01,1.809953067644183011e-01,4.064378473876914200e+00,-3.070985358523114606e+00,1.333871665588101108e-01,4.037692468595785122e+00,-3.059185358267729971e+00
7.948000000000000398e+01,1.809953067644168856e-01,4.064378473876915088e+00,-3.010685358523114363e+00,1.333871665588101108e-01,4.037692468595785122e+00,-2.999185358267732138e+00
7.968000000000000682e+01,1.809953067644168856e-01,4.064378473876915088e+00,-2.950385358523114565e+00,1.333871665588101108e-01,4.037692468595785122e+00,-2.939185358267734305e+00
7.987999999999999545e+01,1.809953067644168856e-01,4.064378473876915088e+00,-2.890085358523114767e+00,1.333871665588101108e-01,4.037692468595785122e+00,-2.879185358267736472e+00
8.007999999999999829e+01,1.809953067644168856e-01,4.064378473876915088e+00,-2.829785358523114969e+00,1.333871665588101108e-01,4.037692468595785122e+00,-2.819185358267738639e+00
8.028000000000000114e+01,1.809953067644168856e-01,4.064378473876915088e+00,-2.769485358523115170e+00,1.333871665588101108e-01,4.037692468595785122e+00,-2.759185358267740806e+00
8.048000000000000398e+01,1.809953067644168856e-01,4.064378473876915088e+00,-2.709185358523115372e+00,1.333871665588101108e-01,4.037692468595785122e+00,-2.699185358267742973e+00
8.068000000000000682e+01,1.809953067644168856e-01,4.064378473876915088e+00,-2.648885358523115574e+00,1.333871665588101108e-01,4.037692468595785122e+00,-2.639185358267745141e+00
8.087999999999999545e+01,1.809953067644168856e-01,4.064378473876915088e+00,-2.588585358523115776e+00,1.333871665588101108e-01,4.037692468595785122e+00,-2.579185358267747308e+00
8.107999999999999829e+01,1.809953067644168856e-01,4.064378473876915088e+00,-2.528285358523115978e+00,1.333871665588101108e-01,4.037692468595785122e+00,-2.519185358267749475e+00
8.128000000000000114e+01,1.809953067644168856e-01,4.064378473876915088e+00,-2.467985358523116179e+00,1.333871665588101108e-01,4.037692468595785122e+00,-2.459185358267751642e+00
8.148000000000000398e+01,1.809953067644168856e-01,4.064378473876915088e+00,-2.407685358523116381e+00,1.333871665588101108e-01,4.037692468595785122e+00,-2.399185358267753809e+00
8.168000000000000682e+01,1.809953067644168856e-01,4.064378473876915088e+00,-2.347385358523116139e+00,1.333871665588101108e-01,4.037692468595785122e+00,-2.339185358267755976e+00
8.187999999999999545e+01,1.809953067644168856e-01,4.064378473876915088e+00,-2.287085358523116785e+00,1.333871665588101108e-01,4.037692468595785122e+00,-2.279185358267758144e+00
8.207999999999999829e+01,1.809953067644168856e-01,4.064378473876915088e+00,-2.226785358523117431e+00,1.333871665588101108e-01,4.037692468595785122e+00,-2.219185358267760311e+00
8.228000000000000114e+01,1.809953067644168856e-01,4.064378473876915088e+00,-2.166485358523117188e+00,1.333871665588101108e-01,4.037692468595785122e+00,-2.159185358267762478e+00
8.248000000000000398e+01,1.809953067644168856e-01,4.064378473876915088e+00,-2.106185358523117390e+00,1.333871665588101108e-01,4.037692468595785122e+00,-2.099185358267764645e+00
8.268000000000000682e+01,1.809953067644168856e-01,4.064378473876915088e+00,-2.045885358523117592e+00,1.333871665588101108e-01,4.037692468595785122e+00,-2.039185358267766812e+00
8.287999999999999545e+01,1.809953067644168856e-01,4.064378473876915088e+00,-1.985585358523117572e+00,1.333871665588101108e-01,4.037692468595785122e+00,-1.979185358267768091e+00
8.307999999999999829e+01,1.809953067644168856e-01,4.064378473876915088e+00,-1.925285358523118884e+00,1.333871665588101108e-01,4.037692468595785122e+00,-1.919185358267768038e+00
8.328000000000000114e+01,1.809953067644168856e-01,4.064378473876915088e+00,-1.867580517097860104e+00,1.333871665588101108e-01,4.037692468595785122e+00,-1.861767605605820775e+00
8.348000000000000398e+01,1.809953067644168856e-01,4.064378473876915088e+00,-1.819605290443724543e+00,1.333871665588101108e-01,4.037692468595785122e+00,-1.814031061671357303e+00
8.368000000000000682e+01,1.738174221339364445e-01,4.033030951157415167e+00,-1.781457529548116092e+00,1.264152850003827655e-01,4.006462387186118690e+00,-1.776073090630952089e+00
8.387999999999999545e+01,1.660448456530162209e-01,3.993591145090637617e+00,-1.750480713858012960e+00,1.188896480633744729e-01,3.967178311792067813e+00,-1.745250388451743628e+00
8.409999999999999432e+01,1.587647708182141626e-01,3.949975934856824189e+00,-1.722977795394530443e+00,1.118697864867228553e-01,3.923743284298066847e+00,-1.717884300428379696e+00
8.428000000000000114e+01,1.536342772934030931e-01,3.914162094127674241e+00,-1.704117191190406722e+00,1.069446370139822688e-01,3.888082319231187078e+00,-1.699117530076017069e+00
8.448000000000000398e+01,1.479672221982257785e-01,3.874369875698241650e+00,-1.694515383537296804e+00,1.021658668601425762e-01,3.848369258515398794e+00,-1.682618218978395586e+00
8.468000000000000682e+01,1.432860856193987065e-01,3.834443662430813138e+00,-1.681015537319774822e+00,9.797959639070959181e-02,3.808589223722337991e+00,-1.669185536174891293e+00
8.487999999999999545e+01,1.390958562373376672e-01,3.794462849884008282e+00,-1.669910402374911840e+00,9.427996628665369361e-02,3.768760886332035653e+00,-1.658135650657614590e+00
8.507999999999999829e+01,1.353034588676892414e-01,3.754442267407583245e+00,-1.660980405726253162e+00,9.097465595524878434e-02,3.728897815269525573e+00,-1.649250081852978722e+00
8.528000000000000114e+01,1.318385231899534549e-01,3.714391964783589906e+00,-1.653558432809381529e+00,8.799388000863990478e-02,3.689009124616176916e+00,-1.641865034174499360e+00
8.548000000000000398e+01,1.283024288123044698e-01,3.684348633011794050e+00,-1.651152957883831984e+00,8.527501964648082078e-02,3.649101691389887936e+00,-1.635998889969971781e+00
8.568000000000000682e+01,1.251759349312011049e-01,3.644270436031800120e+00,-1.646302978150032459e+00,8.276824317646788720e-02,3.609180356600593331e+00,-1.631173039488579724e+00
8.587999999999999545e+01,1.222247515681767066e-01,3.604178934806492318e+00,-1.642396981717777482e+00,8.043521661658227517e-02,3.569248477340646541e+00,-1.627286475874394345e+00
8.609999999999999432e+01,1.191408160735521887e-01,3.560066625940625507e+00,-1.638926386619163456e+00,7.802979808928980909e-02,3.525314298711635264e+00,-1.623833147418063172e+00
8.628000000000000114e+01,1.167207182949011463e-01,3.523967665444140973e+00,-1.636623006413866266e+00,7.616392106590169631e-02,3.489362693232445967e+00,-1.621541226815777170e+00
8.648000000000000398e+01,1.141203939928711469e-01,3.483851861649104986e+00,-1.634509508598102068e+00,7.417859480842008135e-02,3.449411999970771969e+00,-1.619438243914519404e+00
8.668000000000000682e+01,1.115968990224690816e-01,3.443731149216821663e+00,-1.632769591998701308e+00,7.226939991864017587e-02,3.409457593757533989e+00,-1.617706983616608918e+00
8.687999999999999545e+01,1.093498773118881523e-01,3.395596902733499789e+00,-1.628560652492541783e+00,7.042306329687296473e-02,3.369500231780307331e+00,-1.616297093560728371e+00
8.709999999999999432e+01,1.069097613573674332e-01,3.349440801227021147e+00,-1.626607462377003488e+00,6.845039130266394878e-02,3.325544477720942638e+00,-1.615048148172134157e+00
8.728000000000000114e+01,1.049075872009860022e-01,3.313316244218988516e+00,-1.625755034867627069e+00,6.687372029730014045e-02,3.289579021648590729e+00,-1.614199961595640165e+00
8.748000000000000398e+01,1.023788494848603264e-01,3.283195240223845790e+00,-1.628493485731637769e+00,6.515363315677602518e-02,3.249616023438104406e+00,-1.613452151510078814e+00
8.768000000000000682e+01,1.000735311718268100e-01,3.243061395952586246e+00,-1.627874706357716139e+00,6.346062065039247135e-02,3.209651868771870920e+00,-1.612836450640504848e+00
8.787999999999999545e+01,9.779078821622604056e-02,3.202926261090908611e+00,-1.627370379527905531e+00,6.178997611748494184e-02,3.169686772584252576e+00,-1.612334632899399711e+00
8.807999999999999829e+01,9.552618192652563567e-02,3.162790098640900993e+00,-1.626964226140649394e+00,6.013730150204404934e-02,3.129720929106225569e+00,-1.611930500175762226e+00
8.828000000000000114e+01,9.327632353393562614e-02,3.122653106695138625e+00,-1.626632669502520612e+00,5.849923909971235098e-02,3.089754483966571819e+00,-1.611600593073146959e+00
8.848000000000000398e+01,9.103850580404683479e-02,3.082515441566635150e+00,-1.626361954697777890e+00,5.687310652222476309e-02,3.049787551594921986e+00,-1.611331225108227239e+00
8.868000000000000682e+01,8.881052028406886956e-02,3.042377229424553242e+00,-1.626140875173290201e+00,5.525671560556973810e-02,3.009820224013845635e+00,-1.611111245481872123e+00
8.887999999999999545e+01,8.659056510456152045e-02,3.002238572314168685e+00,-1.625960295240878040e+00,5.364828104741121290e-02,2.969852575421660479e+00,-1.610931563957082924e+00
8.909999999999999432e+01,8.415614232258128435e-02,2.958085633776455392e+00,-1.625799329190581899e+00,5.188646157434283201e-02,2.925887862434322972e+00,-1.610771398732907311e+00
8.928000000000000114e+01,8.216923413861254577e-02,2.921960232816459335e+00,-1.625688577899168097e+00,5.044982009206248202e-02,2.889916539690665420e+00,-1.610661198442943087e+00
8.948000000000000398e+01,7.996571023226910213e-02,2.881820670273726126e+00,-1.625590763344239020e+00,4.885766535288894180e-02,2.849948239226217428e+00,-1.610563870527591535e+00
8.968000000000000682e+01,7.776574068587170652e-02,2.841680912761737510e+00,-1.625510804272125798e+00,4.726903219820555863e-02,2.809979798627846748e+00,-1.610484309261806191e+00
8.987999999999999545e+01,7.556869784588328420e-02,2.801540994946725149e+00,-1.625444768784988003e+00,4.568329875859153399e-02,2.770011242876153634e+00,-1.610418602309430014e+00
9.007999999999999829e+01,7.337403429450294057e-02,2.761400946970713921e+00,-1.625391425586678817e+00,4.409992266230926272e-02,2.730042593665661599e+00,-1.610365524500168677e+00
9.028000000000000114e+01,7.118132363997596579e-02,2.721260792265886241e+00,-1.625347352386440125e+00,4.251848144898679599e-02,2.690073867849138267e+00,-1.610321670569584196e+00
9.048000000000000398e+01,6.899020137419280274e-02,2.681120550823319792e+00,-1.625311732021757383e+00,4.093861397165162591e-02,2.650105079794735197e+00,-1.610286227420645977e+00
9.068000000000000682e+01,6.680037426782488297e-02,2.640980238702704597e+00,-1.625282578573501668e+00,3.936002970501728537e-02,2.610136241038075067e+00,-1.610257219014422647e+00
9.087999999999999545e+01,5.661160733074326046e-02,2.600839868759627027e+00,-1.625258711442000292e+00,3.778249582677153939e-02,2.570167360808770951e+00,-1.610233470624868879e+00
9.107999999999999829e+01,5.242370843902217914e-02,2.560699451492296053e+00,-1.625239166846056404e+00,3.620582198528579654e-02,2.530198446644314814e+00,-1.610214023265721162e+00
9.128000000000000114e+01,5.023652047818123745e-02,2.520558995480504549e+00,-1.625223157518967509e+00,3.462985251488406857e-02,2.490229504697638596e+00,-1.610198093587025259e+00
9.148000000000000398e+01,4.804991493476253039e-02,2.480418507737346179e+00,-1.625210040253955990e+00,3.305446008801219554e-02,2.450260540004338239e+00,-1.610185041582039123e+00
9.170000000000000284e+01,4.564519658681888414e-02,2.436263941387474485e+00,-1.625198308722949347e+00,3.132207111427248725e-02,2.406294657454536079e+00,-1.610173368416857542e+00
9.187999999999999545e+01,5.167804961991324941e-02,2.408137458957098520e+00,-1.625190475460294826e+00,2.990500858925878094e-02,2.370322558071994212e+00,-1.610165574125659305e+00
9.207999999999999829e+01,5.149263337039718114e-02,2.369996906449104657e+00,-1.625183247110060902e+00,2.833079448210223950e-02,2.330353546953530586e+00,-1.610158381737365474e+00
9.228000000000000114e+01,4.930748209389000658e-02,2.329856339515190555e+00,-1.625177258822024573e+00,2.675684290400995660e-02,2.290384525494056245e+00,-1.610152423241807185e+00
9.248000000000000398e+01,4.712254847949987058e-02,2.289715760732313310e+00,-1.625172356254347861e+00,2.518310697853839292e-02,2.250415495534970667e+00,-1.610147545065013119e+00
9.268000000000000682e+01,3.541414420161907717e-02,2.239550076407161416e+00,-1.621678380243489981e+00,2.360954641148252375e-02,2.210446458678814619e+00,-1.610143588835304618e+00
9.287999999999999545e+01,3.336963608583752572e-02,2.199402100287119577e+00,-1.621675115066546935e+00,2.203612931393839416e-02,2.170477416170831564e+00,-1.610140339903022078e+00
9.307999999999999829e+01,3.991876593800268436e-02,2.151196632406130682e+00,-1.616231677786415633e+00,2.046283005957396511e-02,2.130508369025129412e+00,-1.610137670775365626e+00
9.328000000000000114e+01,4.029549376690121087e-02,2.101011690170058177e+00,-1.614869284463834154e+00,1.888962763540063053e-02,2.090539318068054264e+00,-1.610135477122756287e+00
9.348000000000000398e+01,3.852437210680520474e-02,2.058850724939264687e+00,-1.614867471834989576e+00,1.731650481100432265e-02,2.050570263996849718e+00,-1.610133673511966457e+00
9.368000000000000682e+01,3.675331654968772011e-02,2.018689756808333957e+00,-1.614865980870246132e+00,1.574344744108010716e-02,2.010601207328410300e+00,-1.610132189964956995e+00
9.387999999999999545e+01,4.275694930571354024e-02,1.986529786758499228e+00,-1.617641077278236361e+00,1.417044392471989052e-02,1.970632148538846273e+00,-1.610130969147560931e+00
9.407999999999999829e+01,4.279018090060152102e-02,1.948373143422663212e+00,-1.618334148008989448e+00,1.259748473718589820e-02,1.930663088023658602e+00,-1.610129964071326913e+00
9.428000000000000114e+01,4.087989755871078434e-02,1.908218556924736964e+00,-1.618333308280318183e+00,1.102456212996753143e-02,1.890694026066701339e+00,-1.610129128520408681e+00
9.448000000000000398e+01,2.494619229460794813e-02,1.860041704341961255e+00,-1.615554035690904611e+00,9.451669802389246408e-03,1.850724962873329327e+00,-1.610128447511155469e+00
9.468000000000000682e+01,1.966948038268170190e-02,1.817872989349631263e+00,-1.614858824646390190e+00,7.878802208068273402e-03,1.810755898756538418e+00,-1.610127886316393697e+00
9.487999999999999545e+01,2.199470748460370662e-02,1.777875503426887827e+00,-1.616254359367060189e+00,6.305955010445199634e-03,1.770786833856892395e+00,-1.610127423351887410e+00
9.507999999999999829e+01,2.117788225200307323e-02,1.737758022720346185e+00,-1.616602975310236223e+00,4.733124641258051012e-03,1.730817768285614289e+00,-1.610127041205794196e+00
9.528000000000000114e+01,1.933710547507560412e-02,1.697600189802127568e+00,-1.616602658109055124e+00,3.160308167313076715e-03,1.690848702166892981e+00,-1.610126725582728957e+00
9.548000000000000398e+01,1.281572805653848762e-02,1.657399182200333110e+00,-1.614857395961796893e+00,1.587503189426727000e-03,1.650879635732633854e+00,-1.610126464739688013e+00
9.568000000000000682e+01,1.104505066054464052e-02,1.617238197399426980e+00,-1.614857177195526905e+00,1.470769951678280261e-05,1.610910568774355012e+00,-1.610126247061806737e+00
9.587999999999999545e+01,1.160343891262168026e-02,1.581271920110507212e+00,-1.616252998099981797e+00,-1.558079846133946303e-03,1.570941501631912374e+00,-1.610126068857284709e+00
9.607999999999999829e+01,1.034494146598229775e-02,1.542162301171839500e+00,-1.616601849861392992e+00,-3.130860937760032887e-03,1.530972434306453023e+00,-1.610125921356201140e+00
9.628000000000000114e+01,8.504205818735004196e-03,1.502004466435495900e+00,-1.616601727002791034e+00,-4.703636636859107739e-03,1.491003366426709054e+00,-1.610125799108836020e+00
9.648000000000000398e+01,6.891347181110271669e-03,1.457178038388118768e+00,-1.614856625095780984e+00,-6.276407912779841634e-03,1.451034298322392280e+00,-1.610125697708825854e+00
9.670000000000000284e+01,4.943633236402344977e-03,1.413000953790534364e+00,-1.614856532730962524e+00,-8.006452085999215401e-03,1.407068323393710907e+00,-1.610125605803533810e+00
9.687999999999999545e+01,-7.504805449555715380e-04,1.380917414796111187e+00,-1.616252470200098657e+00,-9.421939983170977626e-03,1.371096161812520586e+00,-1.610125543583768470e+00
9.707999999999999829e+01,-3.616353454407680856e-03,1.341774515684648339e+00,-1.616601411739222449e+00,-1.099470191434978594e-02,1.331127093288388297e+00,-1.610125485413742785e+00
9.728000000000000114e+01,-5.457072989707920097e-03,1.301616680362489564e+00,-1.616601363066529018e+00,-1.256746179218582588e-02,1.291158024923532599e+00,-1.610125436983202096e+00
9.748000000000000398e+01,-7.129603140403575900e-03,1.261451282749660230e+00,-1.614856322499116592e+00,-1.414021987291366397e-02,1.251188956348618708e+00,-1.610125396617616778e+00
9.768000000000000682e+01,-8.900241230398502068e-03,1.221290295892884847e+00,-1.614856288644419990e+00,-1.571297635224692610e-02,1.211219887761749048e+00,-1.610125362931352333e+00
9.787999999999999545e+01,-5.326166099714160773e-03,1.181673123953342008e+00,-1.614856260369112340e+00,-1.728573169707121188e-02,1.171250819289534784e+00,-1.610125334796717489e+00
9.807999999999999829e+01,-7.096801825068700664e-03,1.141512137558217344e+00,-1.614856236707782333e+00,-1.885848597488684608e-02,1.131281750595183544e+00,-1.610125311253104874e+00
9.828000000000000114e+01,-8.867436905915772327e-03,1.101351149830984699e+00,-1.614856216883987283e+00,-2.043123954295304745e-02,1.091312681196402457e+00,-1.610125291527936264e+00
9.848000000000000398e+01,-1.552005783920198945e-02,1.056213847171812992e+00,-1.613111200245912036e+00,-2.200399208062573525e-02,1.051343614306492036e+00,-1.610125274972637355e+00
9.868000000000000682e+01,-1.722060779037066364e-02,1.016049834277099828e+00,-1.613111186265262509e+00,-2.357674418148360609e-02,1.011374545439294170e+00,-1.610125261061543078e+00
9.887999999999999545e+01,-1.900965435943560711e-02,9.800025996889505375e-01,-1.614507174514878463e+00,-2.514949583977434469e-02,9.714054778557439374e-01,-1.610125249369618095e+00
9.909999999999999432e+01,-2.097948611554671661e-02,9.368544315075660878e-01,-1.614856163691829272e+00,-2.687952214982835056e-02,9.274395047484393917e-01,-1.610125238600414344e+00
9.928000000000000114e+01,-2.257305535959579917e-02,9.007095436679484202e-01,-1.614856156253006381e+00,-2.829499780071606518e-02,8.914673399054598990e-01,-1.610125231198600293e+00
9.948000000000000398e+01,-2.414926302401529390e-02,8.608056028495886247e-01,-1.614856149199789037e+00,-2.986774829373230189e-02,8.514982684098585386e-01,-1.610125224180473547e+00
9.968000000000000682e+01,-2.591989495261708826e-02,8.206446134154875560e-01,-1.614856143206716999e+00,-3.144049851842351667e-02,8.115291961700797918e-01,-1.610125218217217880e+00
9.987999999999999545e+01,-2.754572387032924730e-02,7.766254051662829783e-01,-1.613460137980649689e+00,-3.301324856577528971e-02,7.715601284782754865e-01,-1.610125213017151724e+00
1.000799999999999983e+02,-2.921007968649148856e-02,7.354966139804912650e-01,-1.613111133485332749e+00,-3.458599903480551185e-02,7.315910578165086831e-01,-1.610125208544198605e+00
1.002800000000000011e+02,-3.091062757078255271e-02,6.953326002440848308e-01,-1.613111129630556917e+00,-3.615874794496559685e-02,6.916219862836289201e-01,-1.610125204708600544e+00
1.004800000000000040e+02,-3.777584687991530216e-02,6.600591366853026942e-01,-1.614856126367431477e+00,-3.773149734804240318e-02,6.516529226384670803e-01,-1.610125201461710009e+00
1.006800000000000068e+02,-3.954647813571472714e-02,6.198981478625651409e-01,-1.614856123800102683e+00,-3.930424646820800810e-02,6.116838566583339132e-01,-1.610125198907154775e+00
1.008799999999999955e+02,-4.131199251237256675e-02,5.849085468313243164e-01,-1.614856121333597017e+00,-4.087699568630739910e-02,5.717147847777929170e-01,-1.610125196452920626e+00
1.010799999999999983e+02,-4.308262378342098131e-02,5.447475690812333404e-01,-1.614856119057345385e+00,-4.244974547831077694e-02,5.317457154969544852e-01,-1.610125194187992825e+00
1.012800000000000011e+02,-4.485325314406120312e-02,5.045865745094119115e-01,-1.614856117003660385e+00,-4.402249446405637201e-02,4.917766441926652021e-01,-1.610125192144525652e+00
1.014800000000000040e+02,-4.113114035193911333e-02,4.596305542867976657e-01,-1.613111115152876307e+00,-4.559524496892871509e-02,4.518075830815898586e-01,-1.610125190302949205e+00
1.016800000000000068e+02,-4.283168657940766150e-02,4.194665305359966401e-01,-1.613111113862438106e+00,-4.716799126833350758e-02,4.118385332822738776e-01,-1.610125189018932756e+00
1.018799999999999955e+02,-4.857577700186126168e-02,3.791557548266190070e-01,-1.614507113653502302e+00,-4.874074209129409391e-02,3.718694420565267222e-01,-1.610125188811035502e+00
1.020799999999999983e+02,-5.135729850128250423e-02,3.389579739324920515e-01,-1.614856110478733564e+00,-5.031348933244168820e-02,3.319003714626205248e-01,-1.610125185652061974e+00
1.022800000000000011e+02,-5.312792795611875202e-02,2.987969913399910471e-01,-1.614856105706766076e+00,-5.188623795001868350e-02,2.919313004514089149e-01,-1.610125180903833941e+00
1.024800000000000040e+02,-5.451132025618553312e-02,2.535995318115510377e-01,-1.613111101481002896e+00,-5.345898668779890811e-02,2.519622275100197317e-01,-1.610125176699093830e+00
1.026800000000000068e+02,-5.621186665638966407e-02,2.134355143560045520e-01,-1.613111097153170359e+00,-5.503173542704812432e-02,2.119931582613446830e-01,-1.610125172392793180e+00
1.028799999999999955e+02,-5.813017267526608689e-02,1.783144526637294169e-01,-1.614856092597697801e+00,-5.660448302590822406e-02,1.720240902960025187e-01,-1.610125167859984607e+00
1.030799999999999983e+02,-5.848429893118329420e-02,1.702822554064281069e-01,-1.614856091735226373e+00,-5.691903298539022910e-02,1.640302756391476546e-01,-1.610125167001804414e+00
1.032800000000000011e+02,-5.848429893118329420e-02,1.702822554064281069e-01,-1.614856091735226373e+00,-5.691903298539022910e-02,1.640302756391476546e-01,-1.610125167001804414e+00
1.035000000000000000e+02,-5.848429893118329420e-02,1.702822554064281069e-01,-1.614856091735226373e+00,-5.691903298539022910e-02,1.640302756391476546e-01,-1.610125167001804414e+00
1.036800000000000068e+02,-5.848429893118329420e-02,1.702822554064281069e-01,-1.614856091735226373e+00,-5.691903298539022910e-02,1.640302756391476546e-01,-1.610125167001804414e+00
1.039000000000000057e+02,-5.848429893118329420e-02,1.702822554064281069e-01,-1.614856091735226373e+00,-5.691903298539022910e-02,1.640302756391476546e-01,-1.610125167001804414e+00
1.040799999999999983e+02,-5.848429893118329420e-02,1.702822554064281069e-01,-1.614856091735226373e+00,-5.691903298539022910e-02,1.640302756391476546e-01,-1.610125167001804414e+00
1.042999999999999972e+02,-5.848429893118329420e-02,1.702822554064281069e-01,-1.614856091735226373e+00,-5.691903298539022910e-02,1.640302756391476546e-01,-1.610125167001804414e+00
1.045000000000000000e+02,-5.848429893118329420e-02,1.702822554064281069e-01,-1.614856091735226373e+00,-5.691903298539022910e-02,1.640302756391476546e-01,-1.610125167001804414e+00
1.047000000000000028e+02,-5.848429893118329420e-02,1.702822554064281069e-01,-1.614856091735226373e+00,-5.691903298539022910e-02,1.640302756391476546e-01,-1.610125167001804414e+00
1.048799999999999955e+02,-5.848429893118329420e-02,1.702822554064281069e-01,-1.614856091735226373e+00,-5.691903298539022910e-02,1.640302756391476546e-01,-1.610125167001804414e+00
1.050799999999999983e+02,-5.848429893118329420e-02,1.702822554064281069e-01,-1.614856091735226373e+00,-5.691903298539022910e-02,1.640302756391476546e-01,-1.610125167001804414e+00
1.052800000000000011e+02,-5.848429893118329420e-02,1.702822554064281069e-01,-1.614856091735226373e+00,-5.691903298539022910e-02,1.640302756391476546e-01,-1.610125167001804414e+00
1.054800000000000040e+02,-5.848429893118329420e-02,1.702822554064281069e-01,-1.614856091735226373e+00,-5.691903298539022910e-02,1.640302756391476546e-01,-1.610125167001804414e+00
1.056800000000000068e+02,-5.848429893118329420e-02,1.702822554064281069e-01,-1.614856091735226373e+00,-5.691903298539022910e-02,1.640302756391476546e-01,-1.610125167001804414e+00
1.058799999999999955e+02,-5.848429893118329420e-02,1.702822554064281069e-01,-1.614856091735226373e+00,-5.691903298539022910e-02,1.640302756391476546e-01,-1.610125167001804414e+00
1.060799999999999983e+02,-5.848429893118329420e-02,1.702822554064281069e-01,-1.614856091735226373e+00,-5.691903298539022910e-02,1.640302756391476546e-01,-1.610125167001804414e+00
1.062800000000000011e+02,-5.848429893118329420e-02,1.702822554064281069e-01,-1.614856091735226373e+00,-5.691903298539022910e-02,1.640302756391476546e-01,-1.610125167001804414e+00
1.064800000000000040e+02,-5.848429893118329420e-02,1.702822554064281069e-01,-1.614856091735226373e+00,-5.691903298539022910e-02,1.640302756391476546e-01,-1.610125167001804414e+00
1.066800000000000068e+02,-5.848429893118329420e-02,1.702822554064281069e-01,-1.614856091735226373e+00,-5.691903298539022910e-02,1.640302756391476546e-01,-1.610125167001804414e+00
1.068799999999999955e+02,-5.848429893118329420e-02,1.702822554064281069e-01,-1.614856091735226373e+00,-5.691903298539022910e-02,1.640302756391476546e-01,-1.610125167001804414e+00
1.070799999999999983e+02,-5.848429893118329420e-02,1.702822554064281069e-01,-1.614856091735226373e+00,-5.691903298539022910e-02,1.640302756391476546e-01,-1.610125167001804414e+00
1.072800000000000011e+02,-5.848429893118329420e-02,1.702822554064281069e-01,-1.614856091735226373e+00,-5.691903298539022910e-02,1.640302756391476546e-01,-1.610125167001804414e+00
1.074800000000000040e+02,-5.848429893118329420e-02,1.702822554064281069e-01,-1.614856091735226373e+00,-5.691903298539022910e-02,1.640302756391476546e-01,-1.610125167001804414e+00
1.076800000000000068e+02,-5.848429893118329420e-02,1.702822554064281069e-01,-1.614856091735226373e+00,-5.691903298539022910e-02,1.640302756391476546e-01,-1.610125167001804414e+00
1.078799999999999955e+02,-5.848429893118329420e-02,1.702822554064281069e-01,-1.614856091735226373e+00,-5.691903298539022910e-02,1.640302756391476546e-01,-1.610125167001804414e+00
1.080799999999999983e+02,-5.848429893118329420e-02,1.702822554064281069e-01,-1.614856091735226373e+00,-5.691903298539022910e-02,1.640302756391476546e-01,-1.610125167001804414e+00
1.082800000000000011e+02,-5.848429893118329420e-02,1.702822554064281069e-01,-1.614856091735226373e+00,-5.691903298539022910e-02,1.640302756391476546e-01,-1.610125167001804414e+00
1.084800000000000040e+02,-5.848429893118329420e-02,1.702822554064281069e-01,-1.614856091735226373e+00,-5.691903298539022910e-02,1.640302756391476546e-01,-1.610125167001804414e+00
1.086800000000000068e+02,-5.848429893118329420e-02,1.702822554064281069e-01,-1.614856091735226373e+00,-5.691903298539022910e-02,1.640302756391476546e-01,-1.610125167001804414e+00
1.088799999999999955e+02,-5.848429893118329420e-02,1.702822554064281069e-01,-1.614856091735226373e+00,-5.691903298539022910e-02,1.640302756391476546e-01,-1.610125167001804414e+00
1.090799999999999983e+02,-5.848429893118329420e-02,1.702822554064281069e-01,-1.614856091735226373e+00,-5.691903298539022910e-02,1.640302756391476546e-01,-1.610125167001804414e+00
1.092800000000000011e+02,-5.848429893118329420e-02,1.702822554064281069e-01,-1.614856091735226373e+00,-5.691903298539022910e-02,1.640302756391476546e-01,-1.610125167001804414e+00
1.094800000000000040e+02,-5.848429893118329420e-02,1.702822554064281069e-01,-1.614856091735226373e+00,-5.691903298539022910e-02,1.640302756391476546e-01,-1.610125167001804414e+00
1.096200000000000045e+02,-5.848429893118329420e-02,1.702822554064281069e-01,-1.614856091735226373e+00,-5.691903298539022910e-02,1.640302756391476546e-01,-1.610125167001804414e+00
1.098799999999999955e+02,-5.848429893118329420e-02,1.702822554064281069e-01,-1.614856091735226373e+00,-5.691903298539022910e-02,1.640302756391476546e-01,-1.610125167001804414e+00
1.100799999999999983e+02,-5.848429893118329420e-02,1.702822554064281069e-01,-1.614856091735226373e+00,-5.691903298539022910e-02,1.640302756391476546e-01,-1.610125167001804414e+00
1.102800000000000011e+02,-5.848429893118329420e-02,1.702822554064281069e-01,-1.614856091735226373e+00,-5.691903298539022910e-02,1.640302756391476546e-01,-1.610125167001804414e+00
1.104800000000000040e+02,-5.848429893118329420e-02,1.702822554064281069e-01,-1.614856091735226373e+00,-5.691903298539022910e-02,1.640302756391476546e-01,-1.610125167001804414e+00
1.107000000000000028e+02,-5.848429893118329420e-02,1.702822554064281069e-01,-1.614856091735226373e+00,-5.691903298539022910e-02,1.640302756391476546e-01,-1.610125167001804414e+00
1.108799999999999955e+02,-5.848429893118329420e-02,1.702822554064281069e-01,-1.614856091735226373e+00,-5.691903298539022910e-02,1.640302756391476546e-01,-1.610125167001804414e+00
1.110799999999999983e+02,-5.848429893118329420e-02,1.702822554064281069e-01,-1.614856091735226373e+00,-5.691903298539022910e-02,1.640302756391476546e-01,-1.610125167001804414e+00
1.112800000000000011e+02,-5.848429893118329420e-02,1.702822554064281069e-01,-1.614856091735226373e+00,-5.691903298539022910e-02,1.640302756391476546e-01,-1.610125167001804414e+00
1.115000000000000000e+02,-5.848429893118329420e-02,1.702822554064281069e-01,-1.614856091735226373e+00,-5.691903298539022910e-02,1.640302756391476546e-01,-1.610125167001804414e+00
1.116800000000000068e+02,-5.848429893118329420e-02,1.702822554064281069e-01,-1.614856091735226373e+00,-5.691903298539022910e-02,1.640302756391476546e-01,-1.610125167001804414e+00
1.118799999999999955e+02,-5.848429893118329420e-02,1.702822554064281069e-01,-1.614856091735226373e+00,-5.691903298539022910e-02,1.640302756391476546e-01,-1.610125167001804414e+00
1.120799999999999983e+02,-5.848429893118329420e-02,1.702822554064281069e-01,-1.614856091735226373e+00,-5.691903298539022910e-02,1.640302756391476546e-01,-1.610125167001804414e+00
1.122800000000000011e+02,-5.848429893118329420e-02,1.702822554064281069e-01,-1.614856091735226373e+00,-5.691903298539022910e-02,1.640302756391476546e-01,-1.610125167001804414e+00
1.124800000000000040e+02,-5.848429893118329420e-02,1.702822554064281069e-01,-1.614856091735226373e+00,-5.691903298539022910e-02,1.640302756391476546e-01,-1.610125167001804414e+00
1.126800000000000068e+02,-5.848429893118329420e-02,1.702822554064281069e-01,-1.614856091735226373e+00,-5.691903298539022910e-02,1.640302756391476546e-01,-1.610125167001804414e+00
1.128799999999999955e+02,-5.848429893118329420e-02,1.702822554064281069e-01,-1.614856091735226373e+00,-5.691903298539022910e-02,1.640302756391476546e-01,-1.610125167001804414e+00
1.130799999999999983e+02,-5.848429893118329420e-02,1.702822554064281069e-01,-1.614856091735226373e+00,-5.691903298539022910e-02,1.640302756391476546e-01,-1.610125167001804414e+00
1.132800000000000011e+02,-5.848429893118329420e-02,1.702822554064281069e-01,-1.614856091735226373e+00,-5.691903298539022910e-02,1.640302756391476546e-01,-1.610125167001804414e+00
1.134800000000000040e+02,-5.848429893118329420e-02,1.702822554064281069e-01,-1.614856091735226373e+00,-5.691903298539022910e-02,1.640302756391476546e-01,-1.610125167001804414e+00
1.136800000000000068e+02,-5.848429893118329420e-02,1.702822554064281069e-01,-1.614856091735226373e+00,-5.691903298539022910e-02,1.640302756391476546e-01,-1.610125167001804414e+00
1.138799999999999955e+02,-5.848429893118329420e-02,1.702822554064281069e-01,-1.614856091735226373e+00,-5.691903298539022910e-02,1.640302756391476546e-01,-1.610125167001804414e+00
1.140799999999999983e+02,-5.848429893118329420e-02,1.702822554064281069e-01,-1.614856091735226373e+00,-5.691903298539022910e-02,1.640302756391476546e-01,-1.610125167001804414e+00
1.142800000000000011e+02,-5.848429893118329420e-02,1.702822554064281069e-01,-1.614856091735226373e+00,-5.691903298539022910e-02,1.640302756391476546e-01,-1.610125167001804414e+00
1.145000000000000000e+02,-5.848429893118329420e-02,1.702822554064281069e-01,-1.614856091735226373e+00,-5.691903298539022910e-02,1.640302756391476546e-01,-1.610125167001804414e+00
1.146800000000000068e+02,-5.848429893118329420e-02,1.702822554064281069e-01,-1.614856091735226373e+00,-5.691903298539022910e-02,1.640302756391476546e-01,-1.610125167001804414e+00
1.148799999999999955e+02,-5.848429893118329420e-02,1.702822554064281069e-01,-1.614856091735226373e+00,-5.691903298539022910e-02,1.640302756391476546e-01,-1.610125167001804414e+00
1.150799999999999983e+02,-5.848429893118329420e-02,1.702822554064281069e-01,-1.614856091735226373e+00,-5.691903298539022910e-02,1.640302756391476546e-01,-1.610125167001804414e+00
1.152800000000000011e+02,-5.848429893118329420e-02,1.702822554064281069e-01,-1.614856091735226373e+00,-5.691903298539022910e-02,1.640302756391476546e-01,-1.610125167001804414e+00
1.155000000000000000e+02,-5.848429893118329420e-02,1.702822554064281069e-01,-1.614856091735226373e+00,-5.691903298539022910e-02,1.640302756391476546e-01,-1.610125167001804414e+00
1.156800000000000068e+02,-5.848429893118329420e-02,1.702822554064281069e-01,-1.614856091735226373e+00,-5.691903298539022910e-02,1.640302756391476546e-01,-1.610125167001804414e+00
1.158799999999999955e+02,-5.848429893118329420e-02,1.702822554064281069e-01,-1.614856091735226373e+00,-5.691903298539022910e-02,1.640302756391476546e-01,-1.610125167001804414e+00
1.160799999999999983e+02,-5.848429893118329420e-02,1.702822554064281069e-01,-1.614856091735226373e+00,-5.691903298539022910e-02,1.640302756391476546e-01,-1.610125167001804414e+00
1.162800000000000011e+02,-5.848429893118329420e-02,1.702822554064281069e-01,-1.614856091735226373e+00,-5.691903298539022910e-02,1.640302756391476546e-01,-1.610125167001804414e+00
1.164800000000000040e+02,-5.848429893118329420e-02,1.702822554064281069e-01,-1.614856091735226373e+00,-5.691903298539022910e-02,1.640302756391476546e-01,-1.610125167001804414e+00
1.166800000000000068e+02,-5.848429893118329420e-02,1.702822554064281069e-01,-1.614856091735226373e+00,-5.691903298539022910e-02,1.640302756391476546e-01,-1.610125167001804414e+00
1.168799999999999955e+02,-5.848429893118329420e-02,1.702822554064281069e-01,-1.614856091735226373e+00,-5.691903298539022910e-02,1.640302756391476546e-01,-1.610125167001804414e+00
1.170799999999999983e+02,-5.848429893118329420e-02,1.702822554064281069e-01,-1.614856091735226373e+00,-5.691903298539022910e-02,1.640302756391476546e-01,-1.610125167001804414e+00
1.172800000000000011e+02,-5.848429893118329420e-02,1.702822554064281069e-01,-1.614856091735226373e+00,-5.691903298539022910e-02,1.640302756391476546e-01,-1.610125167001804414e+00
1.175000000000000000e+02,-5.848429893118329420e-02,1.702822554064281069e-01,-1.614856091735226373e+00,-5.691903298539022910e-02,1.640302756391476546e-01,-1.610125167001804414e+00
1.176800000000000068e+02,-5.848429893118329420e-02,1.702822554064281069e-01,-1.614856091735226373e+00,-5.691903298539022910e-02,1.640302756391476546e-01,-1.610125167001804414e+00
1.178799999999999955e+02,-5.848429893118329420e-02,1.702822554064281069e-01,-1.614856091735226373e+00,-5.691903298539022910e-02,1.640302756391476546e-01,-1.610125167001804414e+00
1.180999999999999943e+02,-5.848429893118329420e-02,1.702822554064281069e-01,-1.614856091735226373e+00,-5.691903298539022910e-02,1.640302756391476546e-01,-1.610125167001804414e+00
1.182800000000000011e+02,-5.848429893118329420e-02,1.702822554064281069e-01,-1.614856091735226373e+00,-5.691903298539022910e-02,1.640302756391476546e-01,-1.610125167001804414e+00
1.184800000000000040e+02,-5.848429893118329420e-02,1.702822554064281069e-01,-1.614856091735226373e+00,-5.691903298539022910e-02,1.640302756391476546e-01,-1.610125167001804414e+00
1.186800000000000068e+02,-5.848429893118329420e-02,1.702822554064281069e-01,-1.614856091735226373e+00,-5.691903298539022910e-02,1.640302756391476546e-01,-1.610125167001804414e+00
1.188799999999999955e+02,-5.848429893118329420e-02,1.702822554064281069e-01,-1.614856091735226373e+00,-5.691903298539022910e-02,1.640302756391476546e-01,-1.610125167001804414e+00
1.190799999999999983e+02,-5.848429893118329420e-02,1.702822554064281069e-01,-1.614856091735226373e+00,-5.691903298539022910e-02,1.640302756391476546e-01,-1.610125167001804414e+00
1.192800000000000011e+02,-5.848429893118329420e-02,1.702822554064281069e-01,-1.614856091735226373e+00,-5.691903298539022910e-02,1.640302756391476546e-01,-1.610125167001804414e+00
